Initial energy

[13.901895754536945, 12.65244112248737, 12.352117780067893, 5.121267803984301, 10.157086750103028, 9.328074353489894, 13.792118412232023, 7.871947977675943, 9.091933398531044, -5.95055141393358, 5.817704527723377, 15.340530995898671, 4.07474601287698, 10.394070029470965, 16.89156847369886, 5.319816632687266, 18.898933505783255, 3.157494578769886, 19.71711626492753, 16.360349806853726, 3.237849821261414, 8.644283832253313, 12.497251511949768, 10.90218147405, 8.522462238291707, 4.639900671452773, 11.726151503392904, 6.811793201699546, 0.7251896823340289, 16.837571380878686, 6.570958030907523, 4.3536986687029975]
Initial energy

[3.6415633274241976, 13.94541749874301, 20.22862750551329, 5.068938750056136, 9.901276656534847, 10.123415506478974, 11.769372482658275, 16.949126666234097, 3.236051677645794, -5.776926910452227, 7.916911620376048, 13.567708223859567, 4.360080511158258, 1.4250620348782173, 12.921636103557692, 12.126253467324307, 8.244540866236772, 23.107937291740654, 15.660606131348128, 3.024035653884492, 1.5811767639777419, 6.722407222493666, 9.139251969593214, 6.784377632559689, 4.829861288537363, 11.469977231132743, 3.1171167359659435, 3.172817079652878, 13.221724728883615, 12.514569724189755, 3.8755831753461774, 7.405914007745916]
Initial energy

[1.8121058548944764, 10.202964194876925, 3.9978538893302593, 2.7542591341613343, 15.393306881790613, 15.237064304873138, 12.04687514203538, 7.962151756916997, 11.070945734880477, -2.177229752347416, 14.256561949084865, 6.804137751780958, 5.592830330970941, 6.083028660443919, 19.29312726439984, 4.97679870214583, 19.94483565334516, 16.876514709447683, 11.953151510424389, 7.872111129646294, 1.6969638397910767, 1.4799375423263539, 7.427396741740729, 5.931125738810012, 7.1912156214652825, 3.3592502294894366, 13.672246344353102, 6.340771875597765, 8.419737089338478, 2.886704814471957, 4.892829362810818, 5.4048196009624165]
Initial energy

[5.13858886147783, 9.564112305526503, 11.19047107227842, 9.813312524908245, 12.005382911345073, 3.269690137430664, 2.001470270789574, 17.860671835203803, 5.768116419218517, -0.09308368675952217, 8.455200968639822, 14.491995460428344, 3.314745424487705, 7.068603183522086, 17.366613825488518, 3.876407327139921, 17.909683667187487, 25.135155332154067, 13.617600720645154, 17.521537866510403, 1.238854619941045, 1.8531206699153726, 11.16743564015692, 9.63895432786592, 6.053317680002043, 3.158999718732187, 1.8526884667237375, 5.520203979022115, 19.908009392766115, 20.32778112521183, 9.191130793903788, 12.548380917001243]
Initial energy

[5.110894896705928, 3.190749194633843, 11.78953666791513, 3.7076228829127795, 2.974218795225377, 9.268399608558585, 14.921813883650998, 17.168458972971617, 13.50698781833321, -5.443081494379241, 13.348272166766197, 9.72022716083175, 2.961178198710763, 2.6635811799352087, 7.620489927686133, 6.034206260819678, 22.528297160926382, 23.56963484090925, 19.50951656903803, 6.346086607592497, 0.5904405897189449, 7.595151144613928, 10.831657538203654, 6.361006757177326, 14.41673335716933, 4.342762868492089, 4.462221023764762, 7.3804086184290245, 14.841699861907884, 6.026919554512004, 6.533146157815853, 4.398606904389545]
Initial energy

[10.700929491156192, 12.418821994817538, 20.949692329732738, 9.768064342533163, 13.849361982049883, 13.637333891032759, 2.2437799927393054, 10.907143636870568, 2.336740238761755, -5.564402974641904, 2.1929484563070756, 5.690527028700009, 5.984504287378071, 4.334216708175981, 15.179311719464604, 9.993450165561056, 3.112117712215872, 8.526609911828128, 8.439000277736096, 19.49010789644234, 0.004710047999677336, 2.82796296605199, 11.663624140747856, 3.487236890225083, 10.622188920735384, 5.192358691693231, 2.5377158218038613, 3.833759002326527, 7.785061903383806, 6.795815852184539, 9.406759832174538, 11.395863345485665]
Initial energy

[13.163764210356028, 13.57723591152005, 13.831544711015194, 5.158052168047348, 1.9072951953938968, 13.93131134747525, 8.99489013308601, 16.4069628763306, 7.509353692729776, -4.4493994486061155, 7.963040947708203, 22.66721665995818, 8.644213292744563, 6.32667664986711, 15.054104788793605, 11.555647661621402, 7.39304004318528, 17.11718672020625, 19.608886059290683, 7.816629510545443, -4.498296071962909, 8.194036797424499, 12.264599641151102, 6.163915442431074, 3.0457948571661966, 19.5060077958653, 2.178249396160389, 5.262736071955084, 5.0319729058633635, 6.422105713898262, 8.315853315966875, 8.687650688536145]
Initial energy

[6.379383451839196, 3.8797705632090524, 17.638946156264645, 2.5851334986785814, 10.554494369553032, 8.62754716688965, 2.6873835490530142, 11.68904821064216, 2.373683574162369, -3.6900208030227812, 3.8250506409222265, 5.136075778926274, 5.5300957292536435, 11.239540283597254, 5.541255008384367, 4.92580303857136, 17.732910693253025, 11.897377342319068, 14.763437658121846, 10.492281682875916, -2.4577672730519717, 1.675143342301114, 12.445472852870664, 5.538686294110797, 3.784485954514972, 5.003085059165327, 9.055238762166105, 0.9178952501701416, 7.101287842189712, 14.264643338714313, 8.359993831634334, 10.41344778292179]
Initial energy

[4.975899668056155, 3.6810399741189324, 5.599294124037227, 11.185510151053867, 3.275742079019656, 6.516821580984168, 9.946296048608172, 6.1157357163226695, 11.620587056603238, -7.139327306170365, 11.643901595218114, 15.101323404368232, 3.1607545908753583, 11.283203156232364, 4.755531057961532, 5.083943764626242, 3.275793088135502, 9.802570255581545, 11.162857087920338, 19.14646395936704, -6.278659055536338, 2.360055458264159, 4.794048001906887, 5.280512331120272, 2.611631436147057, 15.678569191154539, 10.515609102616008, 7.278883654570633, 10.854838374101941, 16.502531660761836, 6.798264911640295, 16.306579017879343]
Initial energy

[8.39045632042706, 7.094357408658357, 5.8794795172067476, 6.1923383701602575, 2.0039261234101415, 11.074660128931917, 13.591413246539894, 3.7112339023221192, 10.280338163127778, -4.129017912780726, 3.2342736158901557, 12.242833248347491, 8.37550000139622, 6.779048953355307, 19.340250208961695, 3.9709209850712437, 8.46469041870348, 5.829161963439374, 13.258217347965873, 6.304941930028161, -1.3150402100382017, 6.517156999986059, 6.391726771871264, 11.746894950172228, 3.1691233730234636, 8.687534178461151, 7.292908433832572, 7.8853543934562005, 12.83777840116553, 4.1893326145457985, 4.247405962055482, 6.960165265400237]
Initial energy

[9.956767493269249, 7.897446840055406, 15.967195361036094, 4.402935957097224, 15.03513820942072, 16.801061374722, 11.798129768687991, 5.196292706901927, 9.766241202490846, -1.5280735370425989, 7.499932204402567, 1.32133934224838, 4.34981959262869, 1.9302209511601531, 22.440695805720377, 10.416104328490272, 11.882222464875007, 10.232264556621235, 16.843003001617816, 11.719355481589437, -2.126986478097752, 7.950832464533982, 3.1954713450807133, 12.04259426963827, 13.08755462603878, 11.152984581150186, 7.256017661351541, 1.5138369172842054, 2.8965124309700974, 5.133039551802331, 7.947816853867723, 8.935786943117787]
Initial energy

[8.236884548216878, 9.788710978863165, 9.407549477677508, 7.9328409533569175, 10.10163655995568, 12.58481919497066, 4.625303260979613, 11.772691550081763, 11.437205619317071, -3.415070254573072, 4.320118507076057, 10.378841123694555, 2.124839482416762, 11.034769958969413, 18.614413174321438, 2.3051708605442744, 23.417877706072012, 17.435718933425385, 16.39585383759411, 14.957479173402845, 3.040309751298795, 1.35300751688597, 8.236861143673604, 2.4098950302964277, 4.448509397430076, 7.641289040385813, 3.139255021026757, 5.43778721243771, 13.28464057642843, 19.585513421778053, 7.036321468143047, 16.106198793282516]
Initial energy

[8.557546307049519, 11.200477663397338, 17.994120312315033, 3.5393647997850017, 2.0753961559045973, 8.789367683331054, 5.992936534018471, 17.353508576796067, 12.366067591491875, -3.688782457911744, 13.7870769741683, 19.201564766744823, 2.6820885060430504, 6.636652023904761, 6.424035048824994, 6.1093547565186075, 4.200018992378612, 23.879913259973048, 4.085454714762396, 16.41368828350825, -0.5048993185959505, 5.327065687912222, 12.240642939610161, 1.8530184842432378, 2.5783388599306, 14.121935337082434, 13.314675724088657, 1.9506441976977542, 11.342368704319393, 15.811577272702708, 2.543430379424642, 11.49314051039949]
Initial energy

[5.442672705288593, 11.601977998337558, 18.39968001846974, 8.364713237831543, 4.899445408060827, 6.215471170033606, 4.051546747976793, 6.410546895011507, 13.030561113855427, -4.1547957065717664, 13.238820937679174, 8.172820626621409, 4.205498888386298, 6.53580590786733, 21.924216916050693, 10.491411036783436, 3.1434909524977863, 10.033839775448495, 5.617594341227434, 20.17420847564817, -0.49705966755855346, 4.964309984235612, 12.036158086740151, 11.728602078110022, 7.258345481123487, 19.36762420376065, 7.955044499109791, 5.628607553460321, 14.38549473418393, 17.802078566058984, 7.533731514548571, 11.628524981461293]
Initial energy

[3.2436723697889245, 11.85236082161006, 17.66436436621262, 11.656462982543617, 6.278510908949219, 6.665592914779749, 13.031108271413862, 14.513015341089417, 6.435716000491833, -4.96505849794424, 10.492142358673485, 22.065783891491268, 2.4076756126274734, 4.05686678411577, 15.286660718418183, 6.873572220455437, 8.997575500487898, 23.509172746051657, 15.922858349760695, 5.453952542583867, 1.990891002239894, 7.972790339651452, 3.6030901550145256, 10.463096768790038, 3.477730694377523, 9.662657300684481, 4.268170089078406, 3.011342875924999, 3.4597513934994506, 10.634986298523994, 9.063094110591026, 11.82127109951334]
Initial energy

[4.990318646041571, 1.8684103252964392, 19.59100767433829, 3.748973056800575, 14.148718631276354, 2.401319677612376, 15.25621640246047, 14.941257424306453, 14.917338451967332, -3.2575077708366775, 7.290189716141288, 11.233616716377652, 8.423582196448303, 4.738922061533334, 8.743062201534222, 5.003410531291839, 23.21652291798242, 25.300581437027326, 19.449339838021466, 6.957180629931576, -4.448796399982021, 6.415973456865298, 4.450169824873333, 7.795300634452767, 7.767198481224692, 4.1778849050292415, 14.499696219187834, 4.465667593534871, 16.356853877758173, 8.994403796941672, 8.433562313608824, 11.108384050495076]
Initial energy

[6.924004097508385, 8.642945617938697, 12.269062780600006, 7.675925851461356, 8.513679038690825, 13.840049001137732, 5.760487342918198, 14.074423780735152, 1.9549641164983782, -1.4326364592931, 9.235292354233469, 6.39908025718436, 8.782825350325561, 5.090288199215848, 20.813103752635776, 11.596697372855452, 8.833442918098598, 6.531955201206083, 19.662282516274768, 16.015346965726483, 1.6024313579146199, 5.85924094845811, 9.4910466054094, 5.628668867065361, 4.941648154030089, 9.08304152218908, 7.987494768060569, 1.5417177740829393, 11.077176953585212, 11.031714792114212, 8.405396992367033, 15.813115647925631]
Initial energy

[9.242667495345525, 13.356681729364912, 1.5268950084099744, 5.538905137596731, 14.272635120436938, 14.670324623154913, 11.919160775524606, 4.260030314751861, 2.21213271549506, -6.42036705551706, 4.591034510409822, 9.121259869200923, 6.316347239793945, 5.177477577494422, 22.12322321949733, 7.493972730654038, 12.357864298473935, 5.646845562948495, 3.8215968141144923, 18.97722360900896, -0.12299493900333491, 2.7393378988251973, 10.495999848797371, 9.200929413023577, 6.890806064643755, 6.962712701667224, 13.974221200677627, 0.29946861688586934, 18.002801709223156, 8.707670411149834, 2.204595588188906, 0.6977059250339206]
Initial energy

[4.319277275165049, 11.25767142575628, 10.378145187694127, 4.291978616610278, 9.805672725627065, 10.918519022063077, 9.140519864266592, 10.770791844905148, 5.847313629095289, -0.8119154052561797, 6.602200546489852, 10.897400241866041, 8.083169817752667, 10.767373025227723, 22.573450316831615, 6.615685597130767, 8.38247726576678, 9.053616703344549, 18.11504603562976, 14.141080799385357, 3.5306579888327105, 8.11157117557496, 12.633940423952698, 4.21887896171348, 4.822589844840742, 8.85267570153744, 2.6415872650839605, 0.20090999042589308, 8.046484733884872, 17.232926996655195, 7.243765069710985, 15.111079418515105]
Initial energy

[11.484468197263904, 13.04196909545875, 14.644698307810721, 8.556287153908338, 8.255584806254333, 16.040209304215068, 6.227283670350932, 4.97245813255379, 5.794502190853041, -4.488794951414432, 9.078287104870059, 9.504002313097182, 2.2979681662295866, 5.2734469352416475, 9.838943368007623, 9.925518229412814, 7.59881623330461, 4.805086854623328, 6.804230613039404, 13.465828905212748, -4.965900954109094, 8.681399860618685, 11.739009058145927, 7.236351253304745, 3.1357290816899805, 17.96989130036959, 5.201498225528116, 4.803192145502698, 18.467285300368445, 8.5006359610187, 8.89809037196796, 14.39824909614708]
Initial energy

[6.457322997762847, 11.616372569035851, 20.291387433522683, -1.195723301359298, 6.096213276946978, 13.447706772466905, 6.394022908691058, 18.508837995103587, 10.565992239513095, -2.0405872976652635, 10.795070465635517, 7.6682097174337365, 2.253127559094035, 5.197755871306548, 18.132437808464346, 8.193840922066101, 7.765931221512142, 11.081051572762622, 0.3608229935034771, 9.245603733556868, -3.7012062337904568, 7.602375138417378, 11.771209645874476, 8.29274476697362, 2.8771834606801017, 14.680711292893815, 3.2458145118399933, 1.983808495350749, 7.330033466454332, 16.546139743882247, 4.432370252690844, -3.864306437809718]
Initial energy

[4.08351998358971, 11.667132054943847, 17.27324863228834, 8.115766419981336, 5.388631718486531, 16.248505443874397, 14.160170819887444, 11.78293168122299, 9.52778754809118, -2.2941452517027967, 2.4648848644500623, 12.046300948731458, 7.170697471257667, 2.2242506818814047, 20.91658595161735, 5.056051752460024, 8.338139843309378, 4.079553124605312, 10.669430862475327, 17.469230140166804, -2.232770735655441, 7.4820789076892344, 1.9343932565209536, 6.073439110413425, 8.889630996265094, 4.960958473662615, -3.12409632696774, 4.544976091885163, 6.484550750526175, 19.077192641829427, 2.67989196878055, 3.590756345026679]
Initial energy

[9.76028861288407, 3.7283261266039043, 3.2419905768360464, 7.46672052898454, 4.875696378101077, 4.252568328393551, 11.766744980536167, 8.663558462419997, 13.471753553728869, -4.935509163080395, 15.549502535924294, 10.774487820349613, 7.331651343607765, 4.2491278333148665, 18.426725454444412, 3.2816831693171298, 19.653136542657972, 4.235228517779566, 21.229056942857945, 14.426938663311594, -0.25328192961179674, 3.1393546927080855, 12.335058090630834, 9.52640492334558, 4.9332823335517375, 18.946483002153393, -3.7763313975690656, 6.3950257742550765, 19.42157033360842, 14.891422254072046, 4.155440551699612, 14.697709733041641]
Initial energy

[11.865316137865099, 5.670651039847203, 17.88545337539304, 2.7362892048972975, 11.461239714204627, 9.66389123699406, 9.9103465548055, 4.636665001327886, 4.737556510351179, 0.3414107261950683, 6.90919913240727, 14.116562435596212, 1.452623068393599, 2.420711626687389, 18.994688195620686, 7.787038825325105, 15.000687400538073, 21.722331508979135, 10.128672645456744, 3.574112404844057, -0.9819332941335395, 7.20905952427445, 9.888387053773666, 10.04548378987771, 8.491649010982794, 10.209341017659805, 11.711906530726287, 4.547193668082733, 16.414713392364384, 15.87485502870649, 4.774021772529861, 4.3218926418822665]
Initial energy

[11.993356174098972, 13.835106189706568, 6.890483805606175, 2.114484891000333, 5.034641981388521, 14.075328135248068, 3.204335184395643, 16.36968154293668, 4.114893939626739, -2.5804599255169824, 7.13677890514249, 21.780489582667812, 5.702053101145887, 11.702691491546053, 12.742696686110492, 3.370329852454821, 15.102088525994894, 17.659932940302696, 18.206928347876833, 11.461828937454468, 3.693941154696918, 6.745137439355396, 2.585259545685224, 11.94356088230876, 13.885031238826295, 5.851136237200932, 9.446000674031115, 3.9550991173575754, 15.701650230927658, 9.88674642055811, 5.686106605043277, 13.205343618934567]
Initial energy

[7.147105269541077, 10.705683584210073, 22.057102663084958, 4.51102247134779, 15.978086012763818, 13.460842161649843, 2.4485995302204717, 8.04280244466566, 5.711960123711948, -2.7748464100874415, 11.051235192727077, 17.406870445722646, 2.468794824735511, 9.571459927967554, 21.799920011492425, 9.103010279106474, 21.708167462771172, 18.93698898736642, 20.027266122548955, 6.0911512016894545, 3.960226779115728, 5.987822699185085, 2.8257976771312014, 3.3637180526823434, 10.890626624583636, 4.587298074824375, 1.117843268129306, 4.9748829055768145, 7.307634174018318, 5.683022864313697, 6.39121586531892, 3.995359315152024]
Initial energy

[12.498358796926446, 4.629775537398395, 7.408391111529675, 9.770296914865042, 2.8166301873709267, 15.957465520340142, 13.49549055697012, 2.9804684434399142, 12.255942633287352, -7.2378351148230715, 15.363051593033976, 3.1425298974544247, -0.6383478273480304, 6.268773933760308, 22.07309221800125, 13.062099076111664, 13.885350832475684, 3.7341862805175143, 6.749635414676506, 6.934546587927242, 2.7299955691565136, 7.294070319298174, 12.195452503913753, 9.621401793403063, 6.9638278362950485, 20.088400830799173, 3.1543016202422067, 6.509934045161203, 9.784344521933662, 13.487569982920103, 2.6739198869464094, 3.4313397850336917]
Initial energy

[11.07078482869486, 11.83478986699735, 21.63786410252829, 4.27108228359898, 2.9557131514596735, 16.81299512521336, 6.895919769775605, 9.163407257189148, 14.267447093608947, -0.036855977884013846, 6.717804442949152, 15.007328077376457, 1.9276395786056815, 0.8553730772533054, 15.850315889080594, 2.8376791710108575, 22.758190714717443, 22.75778392446504, 18.228597351313624, 15.813575331609252, -2.836221790515628, 1.3234561236141527, 4.561083014839243, 10.341373939124841, 5.354967929328123, 15.514434641073652, 9.678936194352474, 7.180438593230084, 19.561080288778978, 13.094366565911585, 2.39105884754379, 10.828743910259357]
Initial energy

[3.332231109045556, 3.5908138117545993, 16.407137431148477, 4.021417759948446, 4.039822017421125, 10.38415922583106, 8.188789940082287, 6.189255009581954, 7.792661304712081, -2.5216183985061944, 5.074485820312855, 7.523999946268411, 1.4835234891727151, 4.254656448420674, 4.879909601792861, 0.4264578898552419, 10.286412593553626, 18.918012555297018, 5.250564450385459, 5.509192213544181, 2.217176094734863, 8.243852400581737, 9.943273932978416, 5.281350442234057, 5.060400283029415, 16.93851248949865, 5.292791904890121, 1.223736125144071, 21.151048536348146, 15.314003558322224, 4.174251382940824, 13.557250798414339]
Initial energy

[9.620320327579051, 6.697269847234892, 22.089332482604103, 5.524925121512668, 10.142072174886307, 8.237084881689707, 8.15705709893538, 8.22966645358958, 3.387110142898045, -2.4890040277565673, 6.986074355115848, 11.516815817416356, 3.7200675848104092, 5.318657683713031, 16.648500184677957, 7.763463762263629, 20.184796140673257, 14.40379170265605, 6.121760492498129, 11.251818934055327, -1.0300470985681232, 6.429181230679062, 8.67323224190334, 4.271057404528339, 11.437063318149162, 8.840477566520477, 13.377679751797464, 3.155656039009358, 12.575956958646344, 18.43670803635515, 6.998527301755998, 14.912200040657972]
Initial energy

[9.489728608553962, 5.878888610593962, 3.3893470512483663, 10.48944625294156, 5.291640433128158, 6.692394003386024, 7.87713341828838, 14.197511475586381, 11.673193290196753, -6.491760429346491, 0.7167205073789584, 20.076439071373837, 3.675290462849121, 2.264476843168962, 6.369728460169734, 13.865494469870908, 17.06940254892119, 2.4860192551834843, 3.893074953217962, 15.750245939995127, 0.4941775286115817, 1.8898365221500153, 1.7997533039739626, 12.552002302216906, 11.40996236535245, 18.713999514374866, 14.520114945464544, 7.400906648884106, 18.00160308765145, 15.123118882578892, 2.5348377066014116, 13.007071417511293]
Initial energy

[1.8774206749007452, 3.3241635426094067, 11.71561744758954, 10.900554118964429, 4.139858571416287, 4.107117597040062, 5.346576063231439, 16.366979476886716, 4.05523868069226, -0.8212016662669512, 15.908199772511372, 6.266660625102528, 6.663749824987446, 6.728236066253675, 12.168483408936261, 4.595288527074231, 5.01605106452053, 3.5193446885147783, 15.28944419245529, 10.620094556862698, 3.4933988357000123, 4.569155970199291, 6.152407710328121, 5.806182065241152, 4.739301443557663, 7.109678220727871, 10.987748375643898, 6.218016661416703, 19.3461117456761, 19.509130070133217, 5.2283204316264635, 6.831978471108019]
Initial energy

[2.8187447766802443, 4.786762607769081, 9.656795336508925, 0.8793572512709513, 9.914477749860241, 14.95629419042261, 3.3336011265830816, 11.716935968975562, 14.699015812375068, -1.1221171210611391, 16.00201280359962, 24.636373290830882, 4.983798856529334, 1.4088785630067726, 20.033381926165706, 3.526613037149189, 3.023977978186112, 21.6324458771299, 20.410391534216753, 19.466181599138174, 3.4989904179751194, 3.2570365261422403, 2.5391347371856225, 3.2422008490424976, 0.21791036697302954, 4.878414723747346, 5.890276631904499, 1.2879311754068905, 3.9741076226460805, 3.180638403693413, 5.201007821455546, 5.969451879673519]
Initial energy

[9.941245714327817, 10.835766786113348, 21.450238584321127, 5.37115562047029, 12.427538483338534, 13.349022820753596, 12.37590690350738, 5.68778486260483, 11.77142477444979, -5.590653267681132, 12.669234309705368, 16.759112885183065, 6.588315493657022, 6.6985237543153335, 13.20892468117474, 10.884706502204107, 9.970808065293037, 10.886115172618354, 13.042137038712848, 3.4730000641861825, 1.492999249547963, 8.705717005638025, 6.933308103265615, 6.558173041218423, 13.530319402093156, 14.306669421502708, 8.829038427046493, 2.196355857206318, 4.133265395459825, 3.260811910589325, 4.44306318906746, 7.03395755811297]
Initial energy

[9.343116283488957, 10.1640420511355, 22.054336410110558, 5.027058242862745, 16.14731241861913, 8.609820065566261, 7.865159909229991, 10.130193716046968, 6.484611610467351, -2.23829633793257, 12.838233661500439, 6.716395544101065, 3.997141576857592, 8.665965627264017, 20.517862775967508, 12.57595609552836, 4.856395735362375, 4.5614476234814205, 7.92335853517894, 13.659990924455132, 2.9568824572665706, 7.05778431890773, 0.7563733444708072, 9.607575087846069, 10.900164909136272, 8.70409150130357, 9.169357508583296, 3.026131312449558, 15.539624941833612, 14.788016091846444, 7.633776767831682, 10.829613238935828]
Initial energy

[9.62863705155323, 12.54531673307294, 19.85068943995041, 4.088124868535384, 6.517394737693413, 4.955905834174512, 10.471122444016578, 16.176176113125628, 13.349944236880676, -7.339462496934389, 7.991889328651974, 11.937227695833231, 8.516913971143792, 8.365030255735475, 19.920942688506546, 6.963999853093706, 6.593885566756171, 3.2875370492412332, 17.835740460266486, 10.040764022716344, 1.5786742688512185, 8.085855873383323, 2.157615039855025, 4.791261593439131, 6.396047218417077, 5.8371826987081175, 5.988030681458513, 1.7882993047958977, 22.936841790357526, 4.094407555437019, 3.076948502442571, 4.136210991641483]
Initial energy

[6.449722521703265, 2.1191076826200437, 17.980118311580924, 8.251991717463664, 14.656975959571707, 17.719939232639295, 1.8061624526123208, 13.924695291368053, 5.588932480082245, -3.8179734952692628, 11.220744897693995, 16.706173319059243, 6.7363056659179925, 8.256327605645456, 21.687479573083802, 13.732250772705344, 11.024037662150434, 23.555580750768936, 6.373108027850977, 10.398244954796503, 2.6642030170652014, 6.273355199071202, 11.249367057123619, 8.72906075121984, 4.3655163750452015, 17.491239561569408, 9.396298985236264, 3.3115022376187717, 6.810153146648857, 14.515215485841683, 5.559418495764662, 11.27304559236336]
Initial energy

[11.55496590049628, 3.023657686749698, 16.878885206369183, 0.2012208347872626, 15.377987160503853, 11.293066405375585, 11.454880869023853, 9.104597896976577, 9.878684916894139, -5.21818712015009, 16.33217865019925, 17.706475117132076, 4.0756301331353315, 5.905016840841569, 19.59421877721776, 8.114029076595214, 16.858466357538877, 23.810271392294958, 20.315205350906535, 4.2569610269917675, 2.1304365855272263, 4.143577023468669, 6.10411506157326, 11.187359323203408, 13.648509412956088, 14.455767341188434, 8.583118027946309, 6.45829579922197, 3.6105469614923487, 13.14393285092523, 3.6563441677572186, 11.360460352817292]
Initial energy

[10.940394888708628, 7.899353220706035, 19.322657934061834, 2.5007479860112505, 13.170486023895673, 8.792531525192427, 11.102956864796882, 5.380707136127432, 7.071876062594288, -3.3261767783070315, 9.121364428776811, 20.8106117884719, 6.0251167453984, 7.80481340883224, 16.07621045631897, 4.926584473921379, 17.384585094511447, 16.46525357259045, 5.492625436026012, 13.147663434054799, 1.4290867489081518, 5.018953591358732, 8.338930872063752, 10.932626811731009, 2.0823137844588633, 15.561586083619371, 3.0222785145283293, 5.546241996868776, 8.754781202413394, 17.64463790218906, 4.5149451140012165, 4.344075899506171]
Initial energy

[4.732350483552675, 7.268999817779832, 7.176634215276029, 6.980169072091936, 10.987294611975601, 13.627722315198099, 5.696696643931086, 8.858928970130806, 4.5279597980612225, -7.534907889023841, 8.397695548577683, 2.2091714122462665, 1.951889697727188, 1.5025383940691674, 12.427389532571798, 7.800461099044817, 20.704206312531035, 25.116477332907596, 13.409032317513399, 8.515869145447626, -2.7012187267951973, 5.893763223247581, 4.782971736908414, 5.960793296162407, 1.7076110569372465, 17.564428585541314, 3.466674881797249, 2.8580365093791107, 17.54842127555605, 15.046839104680798, 8.137612938951714, 15.96324224468524]
Initial energy

[8.326866950643037, 14.385191209028694, 3.430876725386149, 5.440995587691579, 4.313751783307816, 13.958089410014894, 3.7640972521807115, 8.714878652111596, 15.260164573576631, -2.104922390565741, 2.9840933379599734, 10.362829306479682, 2.5247155487906268, 9.031066343215112, 16.91935771575877, 8.356624880291802, 7.877502434140561, 7.5020878702937015, 15.350828937484106, 4.717516961018984, -0.8285328285517775, 2.677027618657248, 8.041412135064952, 12.744264826329662, 12.488025652437155, 4.573281546361446, -1.865730277212756, 0.5100533567413488, 10.315174345645277, 17.8321523998157, 3.8091553811077388, 5.768716226085098]
Initial energy

[7.205748970438897, 5.033892242186366, 6.510542823009402, 11.379237701147876, 11.233715258367804, 14.418867933077518, 10.261809978148559, 9.372273995963603, 12.993850361390237, -2.152705466642149, 2.3527327052630773, 19.207970968610443, 1.5255666697190355, 6.62879467972199, 6.258384207218633, 3.865116579536944, 20.01143819085839, 7.271524880577509, 16.411423019603443, 15.063778155366048, 1.957465557187772, 2.8381496928288534, 1.9208293595583514, 1.6753232321787754, 13.853112812849098, 7.087308608332619, -5.822555966003806, 7.947380083374561, 5.77509017895691, 16.067026987509216, 2.6676317352094565, -2.1642224422344567]
Initial energy

[10.939717237716419, 2.061405412967537, 9.011922856571287, 4.63566603882399, 13.794010108748802, 14.179085850498964, 11.899766953231323, 3.825756170170082, 8.255403841184638, -6.714150534199915, 6.860214685993508, 15.357007851747884, 1.470666890775409, 3.766168043171117, 17.614847847040057, 9.574404394716481, 8.04648680456858, 18.026274938835673, 19.700397204403817, 2.5325746974324446, 0.5902306186215114, 8.321021828879914, 5.838194085604396, 3.714521197440229, 1.078915961340391, 9.652634083643319, 4.470849171828143, 2.0042981233928887, 22.970365919069543, 14.71601103988458, 10.218767419681901, -0.037671171644988455]
Initial energy

[2.2570740784251417, 11.760441462105412, 6.003267431023536, 7.890438665675591, 12.74709524050194, 16.254180199047003, 8.73379519553305, 11.517690697223557, 2.093103752772521, -1.7268739640304638, 9.996443488746895, 23.908914808154528, 6.779235823768258, 10.388270375234097, 12.661863786658774, 4.245918106913764, 23.050830992712406, 23.915609670252135, 10.486988570624538, 4.35315951463996, -2.2245386380480383, 6.2589678355513785, 11.3468376393047, 9.7221500970686, 9.021468385156059, 14.722127160907485, 10.509660198167316, 1.5573995844733304, 4.256814146351375, 13.108881630353595, 10.57203512587602, 8.793395400790025]
Initial energy

[7.603343455227434, 9.531495531561415, 22.48374034819932, 4.002652761058036, 5.53632625733707, 2.6193859708357827, 3.5847531616758164, 2.3646652040881513, 4.197362126775467, -5.542155548852952, 3.847375816082734, 19.99502794428495, 5.059951025457466, 6.2200680502991474, 18.565555972064104, 6.412432159313626, 4.5505716477627836, 24.458833871108332, 15.615924063174267, 4.685000473444811, 2.074236895548086, 2.1652009722144574, 2.012580086611462, 3.0649493696272634, 10.73583019804505, 16.95301546365422, 3.2438207497575133, 4.707967217235646, 14.159287097538517, 16.88690829725704, 3.383954473860345, 7.989870958970637]
Initial energy

[5.628599737850112, 8.752007603445618, 4.579130907418273, 6.206775423092148, 3.0681877644414675, 2.2969991523762143, 6.1429095272511605, 4.401109035935125, 6.5588848396236115, -5.779868113308234, 3.129416596458923, 18.304710784498624, 2.577113841251812, 10.861347797240438, 19.613406979569245, 4.749098828753908, 22.984222608099888, 21.29119391310128, 4.092715665880595, 10.725880242237686, -6.989660694523919, 0.9706354263745831, 3.6956927354522264, 5.02533667124006, 12.900093772106137, 3.097838767104939, 4.492285409883905, 1.939894374076503, 20.67806935473108, 8.866582044893939, 5.573880047172086, 6.806610808767412]
Initial energy

[3.1192126854202336, 7.479919021781137, 16.208833194668628, 6.421246146323169, 5.590908134338301, 11.305553519819826, 10.731076429276174, 16.383210604780682, 2.292375264800896, 0.5625336197365893, 8.92971685004301, 23.238518245089033, -0.7140422387642856, 3.0111550400340956, 8.43148359939655, 9.326267028328132, 1.6439286939815825, 16.70618035953256, 4.4745807327837035, 7.981895861194769, -1.470757497552417, 2.7923336237771728, 7.436508548189318, 2.61074844487278, 12.521236820994888, 14.068979169508802, 4.824364319027248, 3.216455998252853, 14.85641954664992, 18.281307356160475, 4.339519936175417, 4.766712413268094]
Initial energy

[6.784178396712904, 7.916191254556916, 13.111746319380728, 6.2711884759442444, 10.175976493529205, 9.104614915980171, 2.425903454905492, 10.026559758307943, 2.161995892582125, 0.07980133833314351, 7.7816554697606595, 6.885077931292334, 6.111838331694507, 7.905584515696134, 12.231565488167746, 8.461433806265248, 16.308123361909733, 8.866197277325515, 13.619478947829421, 9.725275115827532, -4.095564936642947, 1.5392939442518758, 6.270632202836391, 10.951378399185499, 10.384097498213155, 14.35304685287878, 8.532483374007878, 3.331089443888489, 22.806848601652263, 11.811017549976937, 1.6898321184275322, 9.595971365134233]
Initial energy

[9.620880620615964, 3.605831645781403, 19.03000003005116, 5.710600760482292, 6.547175129750848, 5.540022498686136, 13.458370610092741, 5.297496936409189, 10.49010322835212, -0.07354699454543123, 4.5933990900131905, 18.90565059321267, 3.424103325419723, 7.488044779919891, 22.214620692074575, 3.9385301624785463, 7.96708697576231, 4.869619837450404, 3.849484466499387, 12.577277321474174, 3.1015340056631753, 2.5141478596428044, 10.401350064119374, 5.567834734433269, 6.599816404999641, 9.677212588604126, 1.943134043170767, 3.642406486927578, 18.223753383351685, 9.6594655030562, 7.611095907398387, 8.511856214448173]
Initial energy

[2.666473458152762, 7.671358697388348, 5.236083644063883, -0.4089481288128278, 10.15725452449178, 2.9866808014774726, 2.485554511865553, 15.961973022370369, 4.161551139941521, -6.145999853195416, 15.261051860007699, 15.330480758864587, 5.113770732446575, 8.570431026837804, 15.858535540616334, 7.481145924257053, 8.720149082615873, 6.518693856453656, 11.493971835748667, 10.071640952390121, 2.17733167167635, 3.937408273553215, 6.581636607749533, 12.280935812932714, 10.663143942177802, 16.551733138212214, 2.74789074759102, 4.893901896306606, 7.708953966667126, 18.115198994785185, 2.024471039873969, 7.9191757197625705]
Initial energy

[8.889403418561802, 5.546210298398211, 17.328586155132708, 4.897724656899172, 9.541672566797402, 10.402357295806455, 3.10337739466825, 8.134985757590435, 12.149592488389096, -1.1320296461426294, 5.52767758281857, 23.243000397669377, 7.323566552795117, 5.200129860240013, 7.0368382467147015, 12.526455080816758, 10.628276830296523, 18.396505339265843, 15.409251929174566, 15.353770615270122, -0.777603110404705, 2.5271716418757046, 10.33763394840036, 12.818690512671491, 13.170822901493839, 16.166376249470886, 11.643708069784003, 3.2245173227425683, 9.135088071305994, 20.394563354096714, 9.035728230887957, 4.748146863824077]
Initial energy

[5.218831671149919, 8.956919898320603, 6.416465952973996, -0.2533974508507788, 5.637102127421451, 11.959066235398515, 2.712154670900193, 9.630982704110577, 8.390103973357217, -5.905140152408876, 13.581548210081035, 18.40296135239681, 7.17785660876746, 5.686631158013347, 18.488573086630943, 7.536267294920833, 10.743881166825162, 24.740619688512897, 3.102322864922307, 7.667324178404204, 1.2595000092569775, 5.766814759399378, 3.7648020995985223, 9.975431973306502, 7.006175731038243, 19.19567708380094, 0.9022973252392719, 8.225800389537264, 7.400317802949624, 17.90987459869133, 6.141693378372284, 10.353579767377543]
Initial energy

[13.37627790138239, 2.487852364901109, 19.353936500950756, 8.180519709212417, 7.375258932760522, 9.36235261453586, 13.471483466532092, 5.176063839129116, 9.389467769372667, -6.028870552514499, 6.136229006135525, 11.431342920551794, 7.634117911841989, 1.806911131554925, 11.585872909432048, 1.8604403743758255, 4.450968827190093, 7.342496374900378, 7.4008146731775355, 7.99700610910825, -2.1431996481491042, 5.443208152448882, 12.432333338479053, 7.259160777249057, 7.70329662694053, 8.423978716498013, 3.825522976948127, 7.375499785649724, 23.7798064180498, 13.491569738721166, 2.872261596746343, 13.55934894072945]
Initial energy

[10.617694337880808, 10.923697248221062, 13.176381694319566, 11.275104726587706, 6.025177424338594, 11.391992924277462, 13.027754614919601, 15.814206492034597, 14.93025523956869, -6.206715685779576, 5.853560655876409, 7.050785249383239, 8.817380812392553, 4.505876581984838, 19.739063674114554, 4.1454756634491075, 11.37364353427903, 14.243366253035175, 7.362314110165599, 5.21924904558437, 2.6565502176075038, 7.79969515569525, 5.557809623125728, 10.579683058589714, 3.4525267759338343, 3.6705657155150218, 8.414433958053149, 1.9462635695564106, 18.91924054594509, 10.816916554397388, 6.155651672431946, 7.751521609435373]
Initial energy

[12.777970828350227, 3.68655738303549, 15.46180962724534, 8.169105834527198, 2.3496340538900853, 8.889957066693734, 8.631456244365086, 12.99714099820848, 7.646085087265919, -1.2829185237106087, 6.247752874715559, 20.74016670905771, 1.7712718714459146, 0.4197543389051223, 15.297229275053663, 10.33659963991191, 15.702374543954132, 16.151730459022556, 12.86502855286489, 7.972260477369076, 2.873680181571584, 8.290345750083905, 4.829711828834961, 5.381420896838744, 8.02565471401255, 0.5949172070269847, 10.489624287118176, 1.2181458442380921, 9.126149036063978, 7.077224764602223, 1.5273140194226222, -4.638987519278956]
Initial energy

[3.0054108941921007, 6.237489506294905, 6.141835666257866, 11.6554370411974, 15.486064694349224, 15.436394590737535, 6.419645213739514, 8.77536761931229, 12.844497987715146, -6.61238343057152, 15.91760645827675, 16.225326749299644, 5.156591993091481, 6.228303017370459, 19.20325056989902, 7.89747800863132, 15.51388135251857, 19.08919014807392, 15.941021175805373, 3.236926668296534, 3.848258222030081, 8.39874510726622, 8.771940869634118, 2.4562336811010104, 2.4584268672127756, 7.424259330200937, 13.166875121676991, 8.084387763990627, 7.44312030817626, 17.99829025706092, 5.834923095475891, 8.995353939151274]
Initial energy

[7.831829491827962, 9.78847295728417, 13.570769834434273, 8.716600865837327, 14.297710018716998, 17.59758460415754, 8.234653041677461, 6.5185066637941205, 7.532719281008147, -1.5471756593179613, 15.521686214290373, 22.24622923753057, 3.313611582133511, 10.43265378412188, 7.540389294916089, 10.395862557717537, 16.056254332187628, 12.808612162900511, 3.144842803240387, 5.574889143279255, -0.21302620187622967, 3.1029214811230705, 9.340134805058401, 9.197823653928108, 8.117669095611761, 17.663181727239476, 5.170521542024242, 7.371190303858432, 4.308193118615392, 6.776023712135551, 8.760425375358572, 6.5391824952002935]
Initial energy

[2.315074561268236, 10.220969208303897, 3.14318312041793, 8.592115494374864, 12.756965327675056, 7.280905503532377, 9.376515244436483, 14.09378291506226, 13.54817631527647, -1.5880226694798347, 12.261448697922447, 15.636758555771307, 7.364325273058172, 5.897957174021089, 22.695975352708455, 11.168746915050438, 20.068757807634437, 20.422547425234107, 14.110201991358805, 18.993707862576557, -2.523704661289522, 6.965760386390238, 3.2776525679916926, 9.16584039262531, 3.9318452115942524, 14.95854980202482, 11.56255574604585, 8.228933934517835, 16.829463899503573, 9.8471902261861, 7.025406159054994, 7.169494424340807]
Initial energy

[10.091941033295672, 4.672711785276607, 17.433196989429547, 1.7815554110695961, 2.565484419520385, 10.121783143180485, 7.207716943575659, 7.584092792579356, 15.216944079715805, -0.7129199841338716, 0.27969908183222936, 13.229104324793576, 2.9920301584250355, 2.6448507975631212, 13.937419058005762, 8.490928922932358, 4.547895142174085, 17.115045337552402, 10.503804648470258, 9.903787503105812, 2.4176778283335407, 8.007886738574006, 3.217318923018556, 2.071300280901292, 14.244252098292554, 9.093359046872013, -1.0871633965899576, 7.88705454857269, 20.91744876936199, 2.63780159415583, 3.0539863606964808, 12.026582193830896]
Initial energy

[4.939480111543866, 5.799102460463107, 2.4314822567565506, 1.909516610591939, 15.577708678272973, 14.851561377311672, 12.202409965632777, 2.3977440642330405, 14.47317163586239, -6.753906357228685, 5.553900529093825, 16.113700306688365, 3.552952293659442, 10.070616976414048, 10.477974888913156, 11.377643524102444, 7.696882711721984, 23.280053868634802, 18.81791804768108, 4.463351506051136, -1.0543434385103483, 4.4923170617924955, 5.390972980287323, 2.212394006768264, 12.512962154256236, 14.472761968145605, 7.084028845228424, 3.466886073276081, 4.916047089361475, 14.19985215123142, 10.63615178012462, 16.275384289311383]
Initial energy

[6.1478076059030835, 10.051491325179315, 8.795933912847133, 1.3433734387603882, 9.445558119170355, 8.035478550262793, 0.40247749143310446, 17.018104210560164, 14.952089532543026, -5.000824862490113, 6.18338024871416, 12.511738019769973, 3.6421795421576135, 10.838232573896441, 2.910775330410639, 13.123414001940022, 6.769277546620964, 10.806620798445262, 15.859417948102516, 16.16825722336152, -6.0313501281688735, 6.873394993573415, 9.00830059212506, 9.7641589795012, 3.2649487851369585, 8.914757860289019, 2.935604343379504, 6.399600828419462, 9.80917037755816, 7.339988845260235, 4.332747717045196, 13.292405024568097]
Initial energy

[8.845343449902831, 9.744195500629916, 21.283596238616603, 5.960371744552477, 7.083624787138644, 14.473028045854184, 9.238357743387109, 8.91974907530716, 8.00415065629933, -0.44054902371504134, 5.81880093534992, 18.47379992683075, 6.760764030226654, 9.596881634684303, 17.26819378323733, 6.577559381583143, 13.117747692721842, 6.676284516314078, 17.985415205860566, 8.447994396659892, -5.762767700492991, 2.3078206214011248, 5.839318460734977, 5.65608833396787, 10.6294896131805, 18.674584132907103, 0.956971117767603, 2.7707050324282583, 19.766869864138226, 7.678890512571487, 5.8051826855892505, 5.272403145877772]
Initial energy

[5.389370753770718, 4.200238561194235, 0.419719449227332, 4.838279349635237, 9.405745736915756, 3.6053534281645767, 7.243337778133853, 11.700558751809112, 4.271344525508023, -4.836918015578274, 6.51068521462331, 7.132194890613752, 2.4521281935908457, 7.0233683273640075, 14.604780482382026, 12.903065335748423, 10.95737209804081, 18.047615993572858, 5.907028706340582, 6.737353520546188, 2.1705198821127127, 6.767172881725233, 8.67543522079878, 9.991153614304784, 2.79880079245965, 9.01164502143918, 9.781146237246944, 5.429656822381091, 19.02803693172894, 8.670868847009018, 4.5095720776365535, 11.568335192450574]
Initial energy

[8.132261803516089, 5.949578569796894, 6.234056175567489, 8.186566330295403, 3.3057923026035483, 15.486749664707437, 2.954205012984809, 5.9868546853769, 2.9310348633353547, -2.499967061571305, 13.666286803505823, 17.96594146885423, 3.469216473018787, 11.455618255639218, 22.70125743625272, 6.441767692888029, 9.315444978020757, 20.180893035751815, 20.5032120546043, 14.42601592228261, -6.970641804568257, 8.501307239109156, 4.404452785681536, 9.935859706677402, 7.883275539307083, 16.07340371363803, 12.854603136906912, 3.0267106748091392, 10.6517615102867, 3.1317139681842923, 5.072636821828054, 9.505389395896483]
Initial energy

[8.580486889214043, 10.806665334907889, 11.970904251596455, -0.8563168670894241, 2.1721536694966597, 0.7731725002754863, 12.572950991721122, 17.23470627835919, 14.087518733719639, -4.629046168224601, 0.5506277866369902, 18.99568352500868, 2.7037957609749057, 11.649843824350326, 12.798833217472325, 12.12262025926723, 4.791248667164634, 20.326351867998063, 2.613544387463437, 3.702098652430596, 2.464809799067638, 1.666344260352598, 9.00823383119757, 4.581798751157004, 4.542856318007954, 19.817739524899437, -2.564606703767951, 4.81207078685477, 7.8874260711788, 17.544803580646487, 7.373952696226998, 10.124926638385826]
Initial energy

[7.693050790010411, 5.8572674943563054, 22.08614822549964, 7.635285912714576, 10.438933923140373, 11.93997666197717, 6.985216943443596, 14.158567990079103, 5.959547778392578, -1.545438537247608, 13.842674749565285, 9.408635274335007, 7.887856172234, 8.818225937870672, 3.749717504490784, 3.331441245974214, 15.37472116003833, 24.895698871091582, 19.45047112795957, 19.20735527086278, 2.8144578306078762, 4.775601322567818, 8.85570796257126, 6.583970400692069, 5.033077894093385, 12.184035702360465, 2.7910391061379887, 4.821426557038179, 14.129944363159613, 16.671667587155202, 9.690206723507423, 3.3285198541804286]
Initial energy

[2.723188996003599, 7.979793041562377, 8.351432244931074, 7.6613267600458865, 6.035818246020025, 17.477530440925534, 10.374659569981743, 16.11811015896364, 14.698239775915193, -6.952114565381011, 11.958169679794702, 6.054145577232741, -0.02498461550041342, 2.227046331033473, 11.039713046784016, 4.116389821000038, 20.130666184248412, 14.67759620612381, 13.229443100532059, 13.178339319608432, 1.7049471053108745, 8.687916148794558, 6.222452052340196, -0.06731306399189507, 11.959201814451427, 17.316559906642805, -3.0869429175130962, 3.0212862707819954, 10.378880210023306, 12.25255818796984, 4.685310688796751, 8.686110341761559]
Initial energy

[2.78076978681645, 12.768710632630993, 19.882746208487127, 7.247987368920125, 14.560023687587115, 9.765974844672, 11.310693459613589, 0.8117747964585077, 4.91743753291759, -4.430270238901343, 6.0061263164488405, 3.7624511312315816, 5.682505104300437, 2.8639090770820363, 4.892143494435042, 6.153772768601117, 12.33671800943285, 5.7514956676928035, 2.7701970726200846, 15.658600356746627, 0.17008276997784932, 8.681623564580036, 3.547473200741742, 3.6769832405437497, 7.059522463032034, 2.6394462951253757, 8.132839242517536, 8.245271044707815, 22.04298449565025, 15.675504911261903, 4.207043728718724, 10.762955991767974]
Initial energy

[12.417116119630583, 0.882313513307468, 19.852907957803033, 7.382718050109885, 3.6922830991320916, 12.448951298699427, 8.407569879883884, 7.164711222533489, 14.964260269925727, -7.500076280198204, 11.428583420489801, 11.804896234018717, 6.8469721869929945, 10.613290295566019, 20.64111877078628, 2.3037992554597864, 20.258284146124655, 5.704742339373464, 9.777179201534757, 4.305137331565885, -6.439414076215469, 3.1903235312156566, 3.947130153406952, 8.783946479056032, 7.82788293599029, 13.886754367293468, 13.632078852126327, 7.656407518965009, 3.130545168846793, 6.7809377491348215, 7.81260812093864, 15.800059805801466]
Initial energy

[11.587281762354458, 3.08484910748982, 6.530694803820602, 9.829684465280156, 7.197781917125123, 9.32815090194779, 13.85718212693805, 18.369814366624798, 8.142349886981387, -0.9238293899715169, 13.967728466749422, 23.37461463961224, 4.4761895635099815, 7.923773931887231, 12.804467697500353, 7.656264108845009, 12.132362472500617, 13.565125463878303, 5.628203706185596, 5.30568021667453, -0.5272936090714717, 8.275513608594807, 9.926230530828139, 11.868539194952453, 12.180066977242575, 19.85050582820534, 4.6943452180350365, 4.721099013210159, 17.60044681243016, 3.7327078472665125, 10.946056594169704, 7.793640670565574]
Initial energy

[8.878521207172959, 5.949442138962905, 13.244007530651487, 3.454478463392432, 7.562173820746361, 4.860395332304719, 12.111275168000182, 13.38307786992943, 12.733742869930513, -7.1158070907435915, 10.153821712631498, 12.757448538382436, 1.940026364834066, 5.205202168117881, 9.030370737146022, 12.982885336883301, 13.411059915973045, 5.457096370960399, 3.1735899331578623, 9.457926757386403, 1.8643353495356605, 1.4593660466909646, 7.2470944996265745, 12.06016371360085, 3.4487801325227476, 19.57298987848887, -6.3711745310363685, -0.27121483100611254, 5.985108041344453, 1.2465256803028724, 3.829728130810577, 5.535130794804094]
Initial energy

[6.378235847110064, 10.65942606136462, 2.894615988285581, 1.6809374742588288, 15.17785987496448, 9.66813967856085, 5.8292596073983995, 5.9304377755429325, 2.637491012329562, -0.7370293520196407, 2.8933887524588386, 19.951342397063687, 4.929830909493443, 11.105183524188728, 20.157423004769626, 6.747736648049963, 6.769832908194763, 11.865702625103518, 3.143772441933176, 15.625847794844256, 3.3971877632291205, 2.717073938825566, 10.761469520733877, 7.543719539526844, 2.1998902479994458, 16.44218056054332, 5.737513777043192, 3.4349353316992124, 6.3154819616101765, 7.430427832000733, 9.43974914211847, 13.375922758417099]
Initial energy

[2.761015161893691, 10.288529876018632, 14.332321814594042, 6.278184502611438, 10.6851848226756, 8.781976714571785, 13.115917970104185, 15.018173355850156, 10.960530680222057, -5.959011381417287, -2.7165312274717435, 11.35075060040932, 5.075478326249256, 8.940292403265149, 18.581764728831484, 4.907846152249263, 22.05479138577857, 14.399042544960095, 18.91353248638434, 4.257878615829262, -0.22962080114745298, 1.3814517297118618, 6.816000614378963, 5.054654673215924, 6.712893463306609, 7.188429938194227, 0.8372036680220845, 7.039143157571958, 11.125084192493894, 12.548032422540809, 3.3415828411729045, 5.527633245087736]
Initial energy

[5.743333593129675, 8.955929410377415, 15.64719238805004, 7.8690812710538935, 11.375795450726107, 10.797123032555941, 9.723858961893203, 5.981741588052901, 3.4890363114933898, -6.359557394875937, 13.517239460149238, 3.5263405121474016, 4.792307748558585, 6.426068120664381, 15.392739712031773, 7.964465818970529, 23.158730576428695, 14.131401205617482, 14.58503849908986, 6.530638695227221, -3.224748508248528, -1.1610685259486395, 7.419203410961307, 12.452310424700226, 3.1360659780195803, 5.898230180406282, 7.365940366010476, 3.1318034556858003, 21.905184484632986, 7.926537589455595, 4.331616076634226, 3.5397469044927803]
Initial energy

[14.123076033022453, 9.145793522014612, 5.307367495278177, 3.2403648650636967, 6.892307866268229, 17.726115524641948, 1.6751539831330278, 8.771410793408062, 8.557465946419937, -2.9474620037782087, -2.020161594166331, 13.89386225537751, 4.396195854601039, 7.382327340043405, 2.7691334182103318, 9.130756329302487, 5.8272511133664375, 23.973858664354516, 11.816396002115216, 8.752883795459045, -0.5005937326293122, 3.945990614620757, 5.641380764806329, 8.084683299531505, 1.7006799378484483, 17.691389007646965, 11.016758800651099, 1.9116886095682744, 16.288948917026488, 17.419883167962386, 9.210615753769543, 9.587783112463544]
Initial energy

[8.21471218839538, 8.00915276158942, 3.6555105323040893, 4.864356869419418, 12.776304006640423, 14.074807101718605, 9.031781967125895, 14.780071832265328, 6.216246999607026, -2.547582725613779, 9.451105487650617, 0.3548052678949567, 4.433342786539252, 2.3970297449304527, 8.464674934756848, 8.874933888046844, 23.298761175679203, 11.866779867335588, 16.557776408810888, 7.868495472800577, 1.6037887076230783, 6.2125230568927625, 8.79947696782249, 7.89398236116627, 11.469720394685337, 5.29815009180958, 14.397951287525052, 3.924864947848068, 8.730960514414566, 5.836741064451241, 6.417924431322962, 9.034473736650694]
Initial energy

[7.054543463841637, 1.5977481250689207, 7.29106635155327, 5.638848071676614, 8.6526593472782, 6.335897885837541, 6.411146703473244, 17.922283257500503, 9.292710582425995, -4.055781563149993, 1.2293172810141413, 8.505989985559632, -1.1782615480613505, 2.1188551551904613, 17.826235033777053, 10.227707304427863, 17.243642041765668, 19.305209673714153, 18.284731609922726, 9.172401454009622, 1.2968575026332774, 1.8502270115030597, 9.52023656437242, 7.074940994881073, 3.142139713427847, 15.987252293940356, 11.772128230877724, 1.919944006384736, 19.746784516364453, 16.271067763805082, 2.4628358216279453, 0.703332676962356]
Initial energy

[13.247217083736704, 6.409343781703651, 8.219326171147356, 1.9231368612317064, 3.7582599723417207, 10.600826436741846, 10.335789354856232, 13.631928343676453, 4.025713418462349, 0.1757524906725525, 12.61264344192664, 23.880079280589015, 1.489182710061505, 4.496807989825289, 6.6630024983470495, 13.452983521769074, 14.874094573750188, 24.310188337475857, 6.386073060662616, 8.958238345333106, 2.2633650179089093, 6.0450027504754456, 8.30809538988932, 4.387677370519469, 4.469890655493078, 4.220165613775022, 6.752804264919062, 6.336974112136424, 13.215855249528833, 16.766923670399166, 2.1431018647051023, 8.822884697348051]
Initial energy

[13.469209201720858, 3.08753153225837, 10.12879313106415, 11.533740877016577, 6.056041315241808, 9.730585764501411, 2.3224388288661992, 4.954344836273198, 11.767147324464405, -5.021857798978553, 6.24944073272846, 20.07088148343581, 5.064062434050192, 7.896539582400578, 21.8403032091493, 5.104637906320863, 6.956645378982047, 13.822509982480499, 21.145305024286802, 10.695524364209724, -5.600649509892587, 2.9820501711326166, 11.113830586663664, 10.787798042673298, 6.975392317983416, 6.872323538562231, 4.652418916258609, 2.447745235331543, 9.735582298556327, 14.560933970931048, 10.95931934826209, 7.961818325559375]
Initial energy

[3.8001075384909058, 6.750437638984066, 6.4393773546732564, 4.944147630353033, 13.081949632135546, 4.867118952281232, 7.169059689752416, 5.9501797754694685, 13.844460920028498, -3.8500535649298064, 8.704733588720066, 13.00596390599028, 3.996313988329309, 5.777103741172576, 21.4659581557716, 7.221718931842437, 8.98120503990349, 21.08180082298949, 3.372152429404716, 8.274596537615187, -1.0360402560700646, 8.747896209581167, 7.3084943596787255, 2.6716117998610027, 2.5848203294925085, 4.57422377219244, 4.929167098215996, 2.835618803721296, 9.255478450878329, 6.868791245605369, 9.019027508665562, 12.41174221550587]
Initial energy

[5.623046586606213, 9.53055029015568, 18.951591388534883, 10.805372628719628, 7.860620499379859, 11.610329973794133, 7.533251108829015, 12.486688958429148, 14.675102277548522, -1.5229421650488257, 6.148079424614476, 1.0479629456971868, 1.7547751245613656, 4.271477749326513, 2.248041926058404, 9.83345432331233, 6.244838332719688, 18.84233432134004, 19.4816099932856, 7.117412722315526, -1.1274718693004973, 2.9647761348502573, 10.746815382025822, 4.3732993519279155, 5.435317174097544, 4.179625822358873, 4.655823290159686, 1.2483854337287366, 2.8946505157008815, 13.15935738934663, 4.590006960817736, 10.314420271166046]
Initial energy

[9.010838978980079, 8.249964105228846, 15.505430452515498, 6.825403959403642, 15.37751636751167, 4.9454463072641, 8.69016643907427, 16.46681588632501, 11.073229920282396, -0.9025340904864203, 8.28903871401467, 11.72199117177917, 4.308351514950356, 2.9736341228997833, 4.428940416937468, 9.126273190546884, 9.89020968400142, 17.786489618986238, 19.747896317767676, 15.836352248004653, 0.4437061122304202, 4.576573156458892, 6.39486113818201, 8.949519619694446, 5.0801928475293545, 20.009321669339155, 7.7136990786226525, 5.2876279821020145, 16.067143393705337, 9.088681309235838, 9.383623631635837, 8.148201363729708]
Initial energy

[3.791211985556509, 8.779016353640548, 14.292048399182725, 3.051575895105783, 15.013594246287104, 16.204489685823418, 12.20468455841987, 5.128180019327377, 4.4086605843859665, -3.8027600317344694, 14.288219898382941, 5.3520689805997534, 4.333174813657652, 11.41715478604457, 5.552119514765595, 2.9329237473964818, 10.550303969273486, 11.908729647744414, 12.938381894318644, 12.28716977372217, 3.3069634117461613, 1.2176319842726893, 6.054374216048941, 5.7258063522431115, 9.485123151403489, 14.40510409453987, 13.316710160997237, 5.2251269876225095, 11.94552562604581, 15.586244315041387, 4.6169106106078495, 11.111252419907366]
Initial energy

[8.869456653615963, 14.080240332676796, 4.735532423035618, 6.746539703516904, 2.6939553512435555, 13.698803730964725, 4.6945429597773956, 7.977472840598423, 14.325336102765837, -7.017571625254079, 5.532194021331383, 10.327299018371143, -0.8939285608629131, 7.057754901455713, 17.070199494660134, 8.93217564314111, 8.269990598761636, 14.368976448607357, 6.043654864228008, 18.344294192057973, 1.5194189890513463, 7.413609815083502, 5.952043111834019, 9.408311434391814, 4.393764014933398, 14.245546967673594, 9.240113870363825, 5.351175047437007, 16.9780516479257, 14.56454669600529, 4.851963698637345, 7.389999584405341]
Initial energy

[12.270624834283048, 6.880729506185808, 3.55672225226183, 1.6597247413932341, 9.235204320196038, 7.78555275627251, 4.808477484753601, 11.526145860348539, 10.237087951158118, -3.57952840701083, 14.815489076567342, 16.33184064063022, 1.0060940162017975, 4.509766591749607, 13.426354189201518, 11.954976224574049, 20.06983145817192, 18.37755942789068, 5.172492966267914, 3.067591442596991, 1.7841068268991807, 2.314987398784953, 3.404765120479065, 8.395807713178696, 11.628585244080503, 13.884559942692913, 2.750382536139907, 2.992630580822506, 12.855083476228213, 8.368166273491429, 2.543911477566523, 5.071720037715054]
Initial energy

[4.584056806816746, 10.587510096659813, 5.158181933790697, 6.083020761171292, 5.002039179904153, 10.33279738370949, 13.599925867125759, 0.9959029121687624, 10.707939396828722, -1.5128236331160556, 13.342172960399317, 23.761117097288327, 3.4907471144622466, 9.540405372332994, 16.499728938651, 8.432797948159724, 13.050583514959541, 3.137426025585955, 14.45103338201152, 11.189710458851453, 3.002152090809216, 5.815435468821142, 5.914391863897087, 10.902743022740463, 11.037495477448559, 7.184300312387985, 11.350434531363092, 2.883185270843993, 11.132056982243935, 5.721319245032371, 5.5211964458168, 5.558002046525321]
Initial energy

[13.137549774643182, 2.1484374872378624, 21.92617823339145, 5.917724905214593, 2.0940931202014696, 3.343789119888597, 9.484169636879207, 14.01076302140309, 14.367082913514286, -3.1867469032119926, 4.493479254972183, 24.192181116415277, 2.1771562492511247, 11.153770778085482, 13.267015466147573, 10.093736017055779, 20.875811635396012, 8.315553839054994, 3.8218728761379572, 1.1578789281972734, 3.2040744597310424, 4.105790328393816, 2.574434856203996, 6.9643366246221525, 5.947256869125875, 12.690926989090965, -3.45968130863935, 5.720184287600972, 12.981950740324852, 17.93645726552837, 8.907941587044826, 6.824928988979604]
Initial energy

[3.8090468698208984, 4.4335833988753, 21.957516375285444, 8.951436047179648, 6.435912423799506, 8.08747738605771, 10.112598873603472, 8.329334552372838, 12.661463593656771, -0.7214013223647395, 9.819125606951488, 9.70594336353657, 2.5337956417976333, 11.351309519344566, 14.495724859348385, 3.120028272714329, 4.456107246243569, 20.191318568766796, 7.820999343207678, 6.224152751828093, -3.820755197064272, 2.030980017168769, 1.862467651341856, 5.391652626486071, 10.30501717072346, 16.391679789184792, 8.78827588136613, 4.132862882526217, 18.335162875698565, 2.132210945369896, 9.479962401301908, 6.89497854182776]
Initial energy

[7.443714272382061, 4.4384421840986334, 20.650008321362932, 10.107308174639954, 10.4057508178824, 14.536571634482454, 14.842962646656531, 15.028726659539462, 3.873252831613663, -1.182699976202973, 4.896326768707837, 6.366158791125905, 2.967860946850169, 6.2813833955809155, 18.072571430382766, 3.7156268854775396, 6.699300246334629, 14.843112699965383, 20.803332112106776, 3.6306111091095516, -0.09903300995882702, 3.7240634614275283, 12.707515063035268, 4.583419150140681, 12.7460317490564, 0.9063520175324206, 11.09233166286795, 7.155788734920247, 21.644169400464353, 18.390530946557945, 1.5766428419203422, 13.075287379241447]
Initial energy

[2.871760103815131, 10.468300303158681, 19.96217131563923, 3.511979716138768, 15.664419566426991, 4.769873477295016, 8.1651271039008, 0.5312661001513183, 6.385344979268201, -3.0844084152875126, 3.96189745989526, 24.10980748537294, 5.970378374434321, 1.4437022727421949, 6.034032719997327, 8.366871505818763, 21.49807351284817, 17.24039693746889, 0.8571006806225998, 4.2559070634480785, 0.9474682955058054, 2.043474134299808, 12.17319534189819, 11.64039603297258, 5.140724825834374, 2.625590864204092, -3.5722527764052914, 2.4534686046031386, 8.147741409530889, 4.2942470176200445, 5.0843873301117055, -2.501316590738625]
Initial energy

[4.643037965234194, 3.0394199457083904, 17.835066053548335, 9.571360136667495, 12.145708753286796, 8.434017976141122, 8.704352054875708, 3.6811108943654234, 14.314161775945022, -1.2325654741499052, 7.965734377078924, 4.730998641100275, 8.661791626125297, 1.8884186836961803, 18.284381047798295, 0.29793211639811373, 22.9532930111571, 12.50273917409317, 19.69327404909996, 5.081701167935304, -0.5866905911921005, 3.042643640592643, 10.161815052714587, 1.9360477987476024, 8.99449696556038, 11.076454672680661, 7.022277005989595, 2.061358909921569, 12.893644302923605, 2.5633202528724417, 2.217875055914715, 16.337776395758492]
Initial energy

[2.9068715306693127, 4.190808748680987, 18.39347508230955, 3.794491522540168, 4.895250964437803, 17.171255190390756, 13.158208073182445, 10.903833628192391, 14.453196689560958, -3.6746918698879822, 14.707227974702743, 12.034567090673757, 6.2024203406354665, 9.320781743199161, 7.671865222751023, 12.606200791976681, 21.039820140171024, 5.2294150025986195, 0.06966269838582603, 11.550710882569895, -3.2435440146178607, 4.280514034169854, 8.604907562960275, 2.737401384743619, 6.743814425027385, 18.076573988727347, 7.3408802228090035, -0.9630714725115247, 19.24391105788145, 11.211906694901579, 5.046474220088309, 10.667190974543633]
Initial energy

[7.784094676442039, 9.863017845889518, 15.509323274165396, 9.608361736065255, 14.832622458263733, 8.757134871031164, 12.090940493061384, 17.32465692733623, 10.525204842514082, -2.335816682383241, -2.4158409886337946, 3.623907719358728, 7.040338492489213, 8.909359532053683, 4.126398456458012, 14.157044488017657, 18.074704889042174, 19.15743976009419, 6.005165275790457, 14.25851466098326, -2.9811004862232044, 2.799053278715208, 6.747293898133291, 11.71256230161111, 12.972330938982731, 17.65126235800138, 11.617859486567278, 7.05265898733766, 21.626527846002908, 3.7920777115050046, 5.304136905774325, 3.2471248194546876]
Initial energy

[11.683082552341505, 8.843353848487352, 15.685143380923723, 6.404810649235744, 3.734906426688361, 8.443534060110162, 4.444493298148552, 4.479376148676582, 4.264442375298, -7.485071087089144, 13.689539992509424, 5.835427534443736, 7.541424609149144, 5.777539760930967, 21.23573184119387, 11.17436866402585, 21.144624387307083, 19.540506402145354, 18.479080095748493, 15.32577076831135, -5.447653006138629, 2.8528491097546596, 5.273356324677136, 5.582018248807545, 4.774967791940606, 18.81919371020429, 13.42251076079947, 1.6986194705077071, 6.799296778906614, 13.733523746637571, 2.4613628835103025, 4.229162618386039]
Initial energy

[9.601282448604348, 3.4935181118804466, 9.128148407803844, 7.457550134829788, 2.1728507813030427, 10.99278465599304, 2.4802807468288, 10.214059472297528, 14.560593178814093, -4.4893658774935785, 2.8162221318604392, 3.2214502464425037, 5.647271888264527, 6.975668310863807, 13.130617000111034, 13.226526056146687, 18.782927678584926, 4.1502979136661695, 12.399889317537058, 15.532837487475092, 3.0648925594459335, 2.548585186458558, 10.009916102669775, 5.684454888479255, 11.680380112990125, 8.390783664808133, 4.115612952003535, 4.602314283532021, 21.537487557642006, 9.517630940802237, 7.332743824867749, 8.218468624299689]
Initial energy

[12.68433336157624, 9.124649903281957, 4.904003460229011, 8.933406438359565, 0.8700601518119558, 4.390559623415155, 9.357799356720626, 4.808658882011253, 1.9968279488189884, -5.171099418757893, 8.04346155277642, 7.677207899132542, 6.993703219038919, 7.697106108387803, 7.170367984394781, 11.072554087865447, 11.368092953209743, 21.96311876766087, 10.724245341098795, 5.541569459796786, 3.3399351177907146, 8.753776591021749, 9.416453423262453, 9.770025138513786, 10.304338856546645, 13.3163860178729, 5.871529969253162, 7.97382584636965, 19.063171772403873, 20.238836448840324, 6.49058392182828, 2.8048739527609197]
Initial energy

[7.05508778130172, 6.444567146015528, 11.78881088802099, 4.402326635313274, 15.107431902400275, 15.644296065518073, 12.483727634444739, 2.6079129733981334, 8.030625528412797, -3.7451300829524907, 7.603675915923585, 11.257639374605851, 4.0146779234938625, 7.401363866137924, 2.958528011826278, 10.03175388917717, 3.156300709458762, 15.325125693158466, 9.254031536540225, 16.449304535419383, -4.460145804376644, 8.686629604592069, 12.735534827417274, 12.46787181166457, 9.103485317699914, 3.1006801854435646, 3.7972616508615973, 5.191305363359472, 22.46806816356918, 9.997912101370957, 3.035634752010936, 15.014411999590324]
Initial energy

[4.511063232634466, 13.347817006184867, 11.238773586556231, -1.5893623380006368, 14.760167779570565, 12.352108392812433, 10.335846782015592, 2.9777686268818906, 5.772067559415294, -4.419127744499684, 9.909655446781416, 4.646194573819989, 5.666395206814665, 9.404856698560522, 21.564355889974298, 5.200766180535384, 10.072285303096365, 9.433958161265085, 11.257275856217026, 6.230329468817944, 0.6667544245988584, 3.591433943797065, 8.44624843922583, 2.4888036981295087, 12.51282596939336, 4.82288659211391, 3.8666300029069776, 6.073072155929514, 20.352605899597364, 15.069564408517586, 9.51139153305825, 12.122097660831365]
Initial energy

[6.849954087721335, 13.710266009140838, 10.787089952431948, 2.398657456178851, 9.544288053756196, 15.098037689078236, 12.180895664620214, 3.4090187656768745, 9.404357750900346, -4.582737560656524, 3.104550693757817, 20.83878898494699, 8.389726043884949, 5.6955411139714975, 20.509189886234935, 13.132153823006659, 2.9777608775944744, 12.774270573396633, 8.973087134603556, 3.342052691411233, 1.3185628706915535, 0.058007815967433984, 7.690076196228016, 12.903170466405674, 9.513533869994367, 11.061381902867868, 14.604010074412761, 4.537790609901517, 9.191568335358212, 12.86964370647994, 2.682833696586774, 13.992485565456056]
Initial energy

[7.537483182935978, 4.591090174107961, 6.803513257462752, 4.978665931613175, 14.17202059960546, 6.583045499497677, 7.660934005092328, 14.996571538590857, 10.041025692034477, -6.706496268692617, 12.38120913855098, 13.293408532089453, 7.45480383039827, 3.978638512880404, 18.785144102687923, 7.104007867594079, 12.037062055643752, 20.40040482149323, 5.735876353878675, 15.875585076597481, -1.539081075932077, 4.655828687893212, 5.161982958560201, 8.790539869757996, 12.891142992442413, 12.467079762168588, 11.055733009475048, 3.6188826599482486, 2.981351094841231, 6.556793995169114, 3.88404920799508, 13.8540881068807]
Initial energy

[3.804920736254683, 8.273695215227608, 20.389488339874557, 11.19497988630278, 13.721137414487082, 9.838232662882957, 14.040312994141445, 12.165256453816085, 3.02635175043108, -5.830472274821947, 3.376905335782811, 1.308974130037759, -0.3190626436661572, 5.39067423368612, 9.800866073763785, 12.79786224936641, 7.652094784889198, 7.550749455326778, 6.507641926207817, 9.478890853742273, -4.463705724220506, -0.37750954412924265, 4.18813339910734, 10.356474094305621, 9.725525170825446, 16.452927126403157, 11.755911320087998, 2.5999439232656316, 18.23532121326964, 4.931502924004252, 1.3623781991043817, 10.904718837787176]
Initial energy

[10.097648314690959, 4.514202460468275, 9.719892167040381, -1.2573946994076828, 9.44428965288113, 13.942951004861579, 5.082201436990911, 6.3457198661407, 6.2143932307332195, -5.06713903503267, 6.732486074509955, 7.239730631295712, 1.9176259398718751, 3.7001108818999833, 4.739418927711318, 12.82493848401598, 11.52305639952682, 15.0278977271176, 9.428100670314816, 15.403509141060544, -2.8309044668193364, 3.324330582034359, 6.984463965247397, 5.738341442344854, 3.3010476609722836, 19.99706925473676, -3.421418830412117, 7.315796911943298, 17.341914282742387, 10.45071582465668, 5.491025587407858, 11.488049433624921]
Initial energy

[3.841073932293358, 10.60069839825143, 6.594289623751063, 11.290094484302823, 11.716494758033162, 8.960423877287925, 11.247713794301358, 12.788920573670886, 2.461300485445369, -2.4869858683564257, 15.041027128887336, 15.708362117520254, -0.6679131948662459, 10.150202850335717, 11.354903120792613, 4.977834456942273, 5.847573156815541, 23.66014442479642, 17.157959855384682, 14.830078534313014, -6.762801595109567, 6.3106177579003155, 4.330815012432558, 8.81356540284071, 3.8003371849043326, 15.698409285437748, -1.4948021124966484, 7.367239307168255, 8.665265389895044, 4.276865334072155, 4.979445491146076, 5.553320499933576]
Initial energy

[7.125632036357348, 8.293510092417208, 19.197539432600426, 11.594452899160617, 5.370661946227574, 3.4929777487049645, 11.021971514887234, 4.4798947009141585, 7.648067507564027, -0.45221738206290496, 13.06566338963751, 5.825685056720394, 2.0387863810937374, 4.047584300046302, 21.704691079102187, 2.0572686835129157, 8.159351732512722, 5.734537457169045, 5.212312762832702, 13.077869698337926, 3.32692067430789, 5.376322069626658, 10.848118503798485, 11.432739236575646, 7.697293053001222, 19.20536511739037, 14.665784669231, 7.280873807121427, 8.723388497892703, 9.930121023449479, 7.71270167093656, 7.351009567106675]
Initial energy

[6.928355307173029, 14.298430277476175, 19.497226514206893, 4.695664743468146, 7.239873592621878, 14.84151963169324, 14.142654047242665, 2.5127249551066626, 4.350414227734897, -7.595110080871731, 4.8095770266461315, 19.053856412125352, 4.5629849475713655, 9.08147541377125, 22.48919360235623, 10.102969282958053, 12.109186767399454, 11.21926218758533, 15.70531110201492, 15.217590514584678, -5.555038682418017, 5.956756624155534, 8.338202387907677, 5.1134831866308, 4.296828013676096, 14.582335806117625, 4.630918061840708, 6.689183183352387, 21.882753610237312, 19.29257862367208, 4.08760353218819, 11.314364753773296]
Initial energy

[14.388535594155314, 6.74476444677592, 20.847107994842638, -0.26643996386095004, 6.942332964116288, 15.814546949662033, 6.920890020421346, 5.262845856633049, 7.129036908853501, -6.794085954627951, 5.41036947995299, 19.150596470099853, 4.782888538362378, 3.4114843329549545, 12.57119166499142, 7.284382276950972, 13.756464661830073, 24.57830753707342, 7.565386093605792, 7.035860940991002, 3.0839335388920306, 7.44258776881162, 5.4226406056772865, 12.70793371693197, 9.297307819538878, 7.830278939006076, -4.544985596215532, 4.2989552809520735, 17.670744395432973, 4.775635922767401, 10.396053574739478, -2.139000790182576]
Initial energy

[11.969379942753019, 1.698326256517397, 3.0847263727064664, 6.767692807507009, 15.159206167154423, 3.1118264575775605, 14.13681168307217, 17.244078928189634, 4.671932573531848, 0.25925986397524525, 9.82427211485842, 14.01440367176951, 7.8683490685025825, 9.613416028404567, 19.833023031752436, 5.718935653540961, 14.319264953073226, 6.5042352685619536, 8.339720342320764, 12.410915967605, 2.1233561954081246, 4.758111086299592, 11.892130084550635, 4.031777616617342, 7.963234275828419, 3.295102758157994, 8.378364653608205, 2.0366330331669475, 7.126300375100321, 17.604664084453844, 6.18708178140651, 14.253594589226651]
Initial energy

[5.261664317222225, 10.099639494146766, 16.182033346550647, 10.545978869377095, 9.692701808181821, 7.615361539137989, 3.908593922076167, 4.381989703417407, 13.34124562141368, -3.7445589771545285, 14.525713416255138, 20.37122339947451, -1.348061436848807, 4.736145033381899, 9.893918998676623, 4.406288244617317, 16.83651904022793, 8.967418349608064, 18.108714652137934, 5.247470722950534, -6.997426067895618, 1.9804000686936702, 3.5517351557123953, 8.304737408104844, 3.916083511475515, 8.249680963368133, 7.666268214959141, 5.04988905609138, 23.166140720052226, 7.203728844638103, 8.073902094837889, 11.001032391792283]
Initial energy

[3.586017322064685, 13.485916545819851, 15.319806398399008, 6.83725458610458, 6.366488343155881, 5.596488110831431, 3.037955137949246, 6.217290999533659, 4.890764111884625, 0.19531114576782294, 6.289698385327493, 7.586039746825643, 4.435807776936081, 2.04058134779778, 5.044485383061092, 6.364443426725913, 19.60382079207892, 12.958653293061548, 15.83724583454901, 16.506420300173016, 0.8401144575088981, 1.764357933444197, 10.717639013702078, 12.665047292795482, 8.172834519217144, 9.845613173476947, -5.046432334515281, 6.999529565894786, 7.546283523116685, 6.511818871116779, 9.688001703228542, 12.911100169969174]
Initial energy

[5.739974907854791, 8.336581178777907, 15.25894555878402, 2.9804079882514416, 10.010769510219664, 3.238482034698152, 10.409024487609319, 11.902920487979749, 13.885935880259757, -3.710335070298105, 8.013826429336133, 23.580530867355005, 2.904297613398244, 5.669609579966356, 9.430135601087464, 9.619955981921464, 15.089544488022682, 4.674236810299487, 6.182294000733153, 18.158165736340443, -6.373313221066753, 7.547974649581063, 3.2507363530271625, 11.448920745006829, 10.280296401710485, 21.02943190624182, 8.067841078722802, 5.266223011159109, 12.884315702623557, 5.528068329092247, 1.7517663967271635, -3.1589683168241587]
Initial energy

[3.174094671737211, 7.307101843004462, 21.55666545535287, 4.969583028523672, 9.685289546275486, 6.9841918620451615, 10.092914407993486, 3.6023429720013853, 8.176219639691414, -2.95252789081466, 3.2174679366697565, 23.004864440378764, 2.406391130228381, 3.1902532395748135, 17.211008439200835, 9.339063662239264, 12.916781492473199, 18.04726796017026, 16.549282240985796, 8.063776095868482, -5.012947004734087, 6.373907334378787, 0.7970230883955229, 4.650094405264931, 12.929890985028718, 12.230189541935097, 5.172419762992989, 6.904488657440405, 13.950012025954576, 6.364547247213724, 5.838539006294693, 7.337946342393533]
Initial energy

[13.652614669196437, 4.774427014295695, 1.7850775824442304, 8.317308147558869, 8.321032528088148, 13.116389492811948, 4.395330043397033, 5.820547596744902, 8.25116857256, -0.7994528891649999, 16.076768060365534, 13.160107314214304, 5.112056574884639, 4.705181327461361, 7.767097950387699, 12.048965105944756, 10.420040894196251, 11.931118944646222, 19.58588040026895, 8.787947832246868, -0.5631227871215048, 3.635495415881026, 8.75106782844949, 7.141237903171207, 14.284762644341688, 18.677512301493927, 4.790576193326595, 2.02843374921431, 13.748982021415596, 6.791702858740949, 3.928600982704861, -4.686986578875617]
Initial energy

[8.654013862359305, 11.324965201900348, 16.92518330334702, 11.11242754998534, 16.104789420440962, 15.51987081724752, 4.287424999074051, 6.33126113147737, 8.758342459167489, -2.6158529171899882, 3.6651440912442177, 20.86299900294504, 5.977469678815765, 5.583337623051587, 7.918199793895663, 10.410359039406417, 21.98620551160954, 7.267021645138047, 12.110835135425754, 9.432140600040622, -6.720611847957691, 3.7930814058782296, 2.332177677175866, 10.800370739642728, 6.135824315265202, 16.25095447811072, -6.478962325776556, 6.5404812658855445, 4.771946049092858, 18.772924261473182, 1.9988190272160682, 7.713935545998644]
Initial energy

[2.141524376707555, 14.23708064691675, 19.271644390025752, 1.8430850632933646, 10.781472041217873, 6.360377902842663, 15.290932809387455, 18.161366794783902, 6.415247904000609, -6.498246800947978, 12.496513913743343, 9.83829967016115, 5.617485437211013, 6.097441308987754, 13.427877373010244, 14.201791359706936, 20.19190906946602, 3.976454222725491, 9.98810748522046, 19.727030977619464, 4.018701842958488, 7.3849150682305496, 9.743079081533708, 10.906183331407764, 4.074918509233018, 11.14153535445304, 8.401356410163524, 2.8947146874479666, 19.204745097322238, 3.1256858876688205, 3.277200619339711, -3.1406438089436084]
Initial energy

[5.181517992029247, 3.1144704439510775, 17.983003790676424, 4.911248175185297, 11.981880360996296, 4.8406771053236275, 6.419672707192648, 14.817596582119098, 6.300745660060334, -4.129727055773428, -2.6964116813035246, 10.277063269301372, 4.6452100530324305, 2.665061972974662, 14.522325965903626, 6.253868209844494, 13.806772120341673, 5.817220622850302, 18.47176496597229, 10.531081010112477, -0.37484305354613934, 4.969763315967463, 12.579517295923232, 11.798574587319207, 5.710207526596731, 15.71545232850902, 7.4067196915653, 7.338453106649704, 22.077310129455057, 20.048867037882633, 4.996799371561441, 8.944215112305514]
Initial energy

[7.5306628544879315, 4.545710697644942, 5.30203962945888, 3.1264729719566056, 14.082009091204087, 17.415353054163734, 0.3152887207406201, 14.887154375375811, 11.592089982690414, -1.8742760570247476, 12.249723405091201, 16.383458233127858, 2.6642498446347744, 1.8969914308744256, 22.630151874499486, 13.284804398547472, 15.260186999476456, 21.874431549574968, 14.979374000330116, 5.7683274607033646, -5.119306857817682, 6.5967294381642, 12.564223876280229, 12.220032312974213, 13.058402351806953, 15.9278252078758, 7.197396547260091, 5.10828063294581, 19.786174325725888, 13.111194219591454, 8.033490694548432, 8.974447796065956]
Initial energy

[13.568616329302063, 10.367184855736282, 19.272976241577005, 1.7187275934122561, 12.337198176197816, 15.266594482283578, 9.154989298454504, 11.247719589417631, 5.563025888754571, -7.474393460417092, 14.304326258921007, 24.2297612354945, 7.0434127103281865, 6.778229195328624, 9.93318939488158, 12.67321543515656, 10.461049743071573, 4.455131341579977, 14.29431914126243, 12.969262529508647, 1.0141530402921797, 5.679282420392744, 10.216791496644372, 6.55057460381026, 8.800376873986009, 4.182162691974619, 12.324956353526403, 3.042458011778197, 12.444076196392452, 7.818589952166935, 9.133124805987503, 10.453093869928235]
Initial energy

[5.1694887844574025, 4.0756153909967034, 11.876518736771729, 3.757710728021449, 8.467503340788799, 4.1946224036023665, 9.866804378490947, 12.788953419702786, 7.137008990265509, -5.717546535921423, 3.0500396505920895, 8.054595243508942, 5.630484215048553, 3.3519201620665138, 11.561369788089806, 7.809378610093932, 2.9657463744589903, 20.931196669736053, 16.090277946547804, 14.484193303633065, 2.595037378041879, 4.849648178147259, 7.663944194197785, 9.0851964027546, 10.39554147145041, 18.29425104295274, 6.169811308734109, 2.1512267300136743, 3.5533476558971846, 15.099594583188452, 1.5392820811575654, 6.963329146795591]
Initial energy

[11.97369376965631, 4.3376821399544605, 4.972410556488662, 6.5269145548150895, 14.304113631625011, 7.522103269216858, 0.10908201490632365, 13.566068628726462, 9.569715346461717, -2.295229634745076, 14.013748612434883, 15.640727606051234, 2.3125931008597105, 9.555460708444269, 14.495678046686631, 1.7824154783046526, 7.779302565992231, 6.367781669711366, 21.165531454231665, 15.151953348840102, -5.138820252163299, 3.469499543024722, 2.321668918767832, 6.3920868581213055, 2.595567588429114, 19.970113531377503, 2.1060553879523347, 4.591637275401453, 20.99641388498253, 11.68173252386248, 2.2516168379636783, 6.543342651216692]
Initial energy

[11.322700369411379, 4.298383807924819, 20.694844567989993, 8.925579150383209, 7.684614006918321, 11.975284914587489, 8.420379445406708, 3.6828637540626215, 8.349647098401439, -5.990991385113618, 6.539067834235503, 9.139102326986935, 5.818208328512113, 3.909836399602355, 16.08203433859292, 7.558679816855375, 8.889530593884947, 13.976750054396389, 18.06380241214128, 16.22708194430777, -1.4203714863648802, 2.5321493484675406, 1.6619790200906612, 1.9633059679849487, 9.198415242819808, 12.975539761192044, 11.350012471174763, 2.108228015762164, 8.421705557801182, 17.00826189509664, 5.519548542624384, 13.880871422823558]
Initial energy

[9.140853435411975, 4.42596607550718, 10.766532291480067, 10.239659502957059, 11.423038982866435, 8.663951705785225, 3.1959487238655098, 17.026340360191284, 5.214166142978365, -5.155691274038889, 8.95093776019136, 21.128405998786047, 8.402938949641246, 9.804229352632294, 9.970373973744493, 3.556124152817519, 9.61712682202873, 8.547303940077946, 13.172626946599005, 12.779685478451361, 2.5774144190856685, 3.329567149090569, 12.703114424252556, 11.133902230871593, 3.071520495879578, 20.926042191226614, 12.041142340090635, 4.69244257578424, 21.9619272362743, 16.44782060315399, 6.121434367923142, 10.656270545669166]
Initial energy

[2.96150648521105, 10.136026840806357, 11.828396751807308, 0.6677122970931095, 11.823871167786175, 11.427063384016774, 4.763156570251509, 7.542220548931194, 14.78347896224332, -1.5655152848927463, 16.190892392556517, 13.165406074072617, 3.8080651476994998, 8.595999183801068, 21.187727535096062, 2.05254726112525, 13.000798053457423, 24.919202652778626, 18.50132237905662, 11.602791175253914, 3.8341718792901824, 4.740607694308156, 6.979241840647549, 3.17015502123356, 3.801485606448745, 16.268701052887664, 13.75710945859857, 2.80230970082337, 10.474349138666478, 10.815501454863462, 2.9074655633889055, 9.606731495202967]
Initial energy

[9.069767422443277, 10.326622358704517, 9.637743403941345, 1.5528009657985749, 13.685265447719356, 15.68410763539866, 8.808967592547356, 17.824695000888365, 13.027997481217653, -2.3397338549667497, 4.56256614766281, 13.996025864854273, 3.049827508213175, 8.041213243706524, 11.385553445831832, 10.779279562319601, 6.182766364253274, 11.381130335091813, 19.060945973702623, 12.013920676054079, 2.1476606614305753, 4.384290418699234, 8.15006910566062, 7.740548083344422, 2.8831059203590685, 15.165779753616926, 12.994546493469795, 3.7378029782690425, 2.0133988369282694, 15.104481336483325, 7.263084745212569, -2.2731290641256092]
Initial energy

[2.4566540033961455, 2.959847490202037, 12.046198476235642, 3.064723195162771, 14.328547584685989, 2.781042939926455, 10.003891212519083, 8.412096962131013, 14.836925269619341, -2.4521093060640915, 9.279219805029221, 11.128081127603748, 3.7006661956796334, 1.419879587592752, 12.712529458879263, 2.9660150713936106, 17.022867254814173, 4.781862517209152, 9.203503191887094, 11.545762849461653, -1.1830745992126595, 2.14619852606065, 3.312732071501639, 12.344977083279701, 2.0068598361054946, 8.236345715821667, 14.299837672366154, 3.5807579441956165, 22.7405359318442, 18.083412848591667, 5.095256847623409, 0.9094774038541402]
Initial energy

[8.361244297228255, 9.622289222351432, 6.76397431673462, 9.468648555838852, 8.621452744776649, 16.15750945098929, 2.283319965352585, 5.294384569915367, 9.325409780569663, -7.80334460392832, 2.8438019803041863, 14.579859280607359, 5.540855760736759, 4.127562806752863, 5.025153309125374, 6.266937171415153, 6.174769169305794, 7.876276776981269, 20.85953890377051, 9.671253733101802, -6.052465513710754, 5.266313132165286, 2.8521775308425257, 3.402502671712428, 9.113707211200484, 16.570846195023634, 1.5848328665107942, 2.1478984299966024, 16.329121358184832, 12.175877235921636, 9.793718958765394, 15.39446161122756]
Initial energy

[6.442621406112332, 4.915591532147048, 21.244672347524254, 5.6927941837453595, 13.805462469375634, 8.366572021257833, 11.094875683503142, 13.69997180339363, 1.8651830788923236, -1.8989101043907999, 5.557352033097439, 15.333811641370858, 3.2403040609296783, 8.965455723491115, 19.945215034558966, 5.942564379639424, 14.459806890880078, 7.763608661389126, 12.920185438118445, 5.328595406033077, -3.434712099246698, 4.0334575475431915, 9.227476876718125, 8.870119675680844, 7.901238715290428, 4.88785485944116, 6.383609067433376, -0.2806909416205686, 7.041000182255642, 5.686984751280752, 1.9186136617228222, 12.152683333334668]
Initial energy

[9.973733883501168, 10.053023279492766, 13.173169417157446, 10.373756581422558, 9.520312754927867, 10.53972609406268, 4.202785944663382, 4.686130583407129, 11.382067333524663, -3.3312828209366048, 16.18859998618934, 16.18745538432344, 4.858719265782058, 10.5081394629603, 11.567437806459509, 7.725306220579459, 21.83808825045927, 15.216030325619041, 13.46298853264078, 2.436054409588594, -3.877829342895554, 4.278188452269715, 3.7343516636534986, 10.204517213518349, 7.480691847884129, 7.696504878271451, 11.466358294660317, 3.436574442258186, 12.496034852248727, 17.516584294700802, 1.5412860085822377, 11.58602880637181]
Initial energy

[2.3441202359920204, 10.715396781177658, 15.644974575389675, 2.93376805425068, 2.3818537025272186, 15.384884374082427, 8.044310332602382, 7.79491912884987, 12.019827017191238, -2.6353027184016478, 8.725262246878014, 20.046637470640903, 4.389746005814464, 8.135547934474712, 18.90378833267138, 3.4962055552649156, 20.427430413676042, 5.741375212076306, 4.410262587467248, 14.479395776651767, -2.4928924248120694, 1.420790608420888, 4.23417949517128, 11.563658316843501, 11.977321871361934, 10.4172013083436, 10.508250889603524, 3.745175039986062, 14.836513649665342, 7.6121978894002975, 2.3689937329048827, 10.368717284057917]
Initial energy

[7.770220822710868, 5.119565592794325, 14.439184990176855, 3.4229733062646597, 2.364718399281274, 4.852646037469386, 11.56108994524598, 6.9051329267342485, 12.023289775930785, -4.569847955584004, 13.719613767639414, 4.538517712585696, 2.3449274338897643, 4.86214060300269, 11.234942572344753, 10.368409304974614, 19.863169647290686, 14.24954257671361, 6.018050718235797, 10.549240697993529, 3.346827881593147, 2.661028495029729, 5.637472346733323, 5.959453028188815, 6.729789229652376, 16.916274793766906, 8.79290796271703, 2.9453229742605735, 16.269296611487434, 2.4523584759426433, 7.51890022121489, 3.907946537099774]
Initial energy

[10.169112754188586, 13.000319578643005, 8.93774768680096, 5.152078345798444, 0.27703170488797146, 3.034355413955463, 11.452274540349308, 8.35979912416028, 14.3464050513169, -5.697513610160222, 13.588779621753115, 6.267304056983976, 6.515459074203729, 8.136803623001239, 20.64035304260014, 3.7000724897310473, 20.174001623468882, 23.263263588162673, 5.349602459858859, 4.519967386759138, 2.153760879356999, 3.8600521835660757, 10.80360619272918, 2.866979998288189, 12.661363894190169, 11.475759779272947, 7.611144621482559, 2.7363399021848362, 5.13373984054668, 12.279415120963813, 1.8823747637988952, 15.645038755786546]
Initial energy

[9.210791260361368, 5.649498370932506, 19.70132969320967, 8.294118658326257, 12.353006521320912, 2.49157080312639, 5.472199131486231, 8.527958795799378, 6.504123408059947, -4.974942966538588, 13.18841786405805, 19.421922838466966, 2.275993701034661, 9.532298071058099, 17.694623494129335, 4.726363198952038, 11.343932714314832, 13.560349261046314, 18.53622424345481, 9.968545769023528, 1.6048166892236995, 2.8965154798364363, 12.519353931089244, 6.229004074968611, 12.186593151266244, 9.84336657067978, 10.861724450934155, 7.304497946281346, 15.831222187164453, 13.580949058321352, 7.243346615753098, 5.763321519384108]
Initial energy

[6.258038478209782, 12.82459719583825, 4.710122376807437, 5.500804819395862, 8.206146515404633, 4.8427441346919995, 7.125823124834996, 13.304945844808511, 3.335056188419279, -4.05810266210985, -0.44443176147671704, 16.53212642620414, 8.547872813441014, 6.6567613082639845, 13.922636821682879, 4.596983137936495, 8.116941298170417, 4.296855538557619, 6.066134752173611, 11.593558299720554, -3.4366738182551537, 8.723483372563706, 9.69557896464851, 12.691406807892324, 12.353229566312246, 2.6864686183258377, 0.6238021783265619, 5.745483347940086, 13.168126247037048, 4.187209295190681, 2.9939967027199517, 3.9023117703863663]
Initial energy

[7.659596553824331, 7.591584360595935, 10.285717789596085, 10.658354395486569, 6.859683272083579, 17.247233480669795, 1.7400169836711998, 17.831833762065596, 2.181040997779388, -0.8566937085364428, 7.694811777307933, 22.597428036562608, 2.943114715174141, 8.263378848647472, 11.906758020258458, 11.666323440176948, 21.09470383381563, 24.534142070876378, 20.158527702800622, 16.282902697136215, -5.022573766996858, 6.624272918418267, 11.468968351784731, 10.055511841213203, 13.191726736402947, 10.619656988339262, 9.10138187883481, 2.0749629248199613, 7.461726269099471, 18.61835661894981, 7.357083387310915, 15.339739313752354]
Initial energy

[8.835881798880715, 8.670014045817005, 20.34746382927736, 8.45855149101825, 7.369692439889782, 11.828271270029719, 11.299969879945653, 15.46603449678732, 9.938533668048958, 0.6409387783598053, 6.772500831824079, 19.2507846629075, 3.891053444854202, 4.801258638509163, 2.854510280457074, 8.977101564133001, 6.567615495233193, 10.28909393329834, 5.679689169615406, 2.5460449973492385, -2.7705129967594297, 4.503254703265863, 9.827525471998733, 6.376797821407973, 5.895476080939106, 14.77304740163868, 5.229152669811118, 2.197165488073799, 19.4963327146909, 4.135138576258056, 9.393826778860953, 7.893132859845268]
Initial energy

[8.695516025343604, 4.572200761645142, 12.198476782473705, 2.7242195510683933, 13.94968631867656, 17.01670702220794, 2.21140137706643, 16.46847715816597, 3.4897839911632733, -6.581071674381121, 12.406755890776326, 9.038221597541982, 6.766977917876252, 6.82208074516697, 3.399440892833257, 5.85239187884843, 15.087517614426506, 23.15666036715462, 17.917764015933326, 8.023724271302731, -4.611003392453464, 8.814853678165994, 10.294878930766076, 5.170048337467367, 14.314418078117985, 4.832410978650435, 10.61168814863138, 7.7608905344898815, 2.4577895437035724, 3.350424429917943, 8.63999587909162, 16.29885073515181]
Initial energy

[11.374781272920071, 10.738022908163462, 16.074664848981666, 8.235357600431641, 15.157571554175448, 4.254061401092487, 6.128594426651841, 13.294403038608863, 4.1328495227835775, -6.021005066014129, 9.767444326373226, 23.59000510578472, 3.972448696384043, 11.366008719490495, 15.400861349142108, 5.7606005388741925, 8.934945244989972, 3.803278832960141, 8.514959440002889, 7.5496616614905, -1.2999726829870575, 0.7264802048194656, 5.265568421104161, 11.378323226842438, 6.834386656456258, 9.77993247386464, 7.382197911489776, 8.283697004472682, 7.613181446457423, 6.952619584269401, 9.233782555945417, 4.129932285794168]
Initial energy

[10.01909920757142, 9.330951432341294, 12.64093982773857, 2.289964963131668, 8.726457607978718, 4.59673037653522, 11.553252291118898, 3.073034374166814, 14.032915248483762, -1.5159698283241232, 3.467489821261434, 7.702944985596837, 1.8296814795507819, 10.758718479626316, 16.927261193965272, 7.564801068430959, 22.264245693379667, 22.89797618815791, 4.033144239815035, 17.971220891546842, 4.030433147764762, -0.3335266720601129, 1.8966775050473177, 12.334526137783605, 4.284349343172627, 14.659889585472857, -5.62887028893296, 5.880258965081451, 7.661142961655161, 7.608835952346553, 10.967109439912772, 15.710540885409856]
Initial energy

[2.7456969981938526, 7.6258744899600135, 22.107856482344033, 4.740542675864107, 7.532756550707052, 16.748506601729638, 11.674690220988953, 11.832902451783838, 12.990588962844699, -6.069442308688007, 13.119504395552232, 6.258429450324133, 5.557224180565082, 7.567917436537321, 2.7477451882406334, 2.0676041963049947, 1.6680051261185396, 6.610307393089934, 15.474395402845019, 6.020611300736553, -0.9348055238827939, 2.5620142998248925, 6.057235783619536, 12.498133227455366, 6.309449927460137, 2.706679728218424, 10.991553867041205, 1.7271737943032153, 11.302976706593377, 12.813735812956962, 3.484002952341063, 15.190232931842544]
Initial energy

[4.4951550391949375, 8.204035819939353, 18.722885592796622, 4.432183956380689, 15.829021704612313, 6.522741675032076, 4.0376834894618066, 10.48489327471177, 7.017835828196922, -1.3504405813640838, 0.8109842920039658, 18.776747533159774, 8.328684528555698, 7.2117743857006715, 22.142060213244626, 9.553527082567744, 6.003821433786344, 8.712848889336993, 21.209711754034444, 2.8210126582316137, 2.8724761731866613, 4.977860328355859, 4.483001628396623, 3.6247531644362496, 5.430213682140907, 11.462660083322321, 5.337007512787333, 1.5188480123002628, 12.329245214174328, 13.108422607839843, 9.195599821778565, 13.74601841328781]
Initial energy

[1.7218219966734687, 11.742566185846798, 15.066151104115207, 9.008362085546109, 10.039603619262842, 13.823319242641025, 13.257395571204025, 12.432122299387213, 9.844782463032729, -6.397459275196898, 3.867255863420666, 11.522603853071843, 1.6710206654960758, 3.173950102398434, 21.66265602995074, 14.000784814846542, 9.260673593179092, 8.819279546925202, 8.81596213582362, 12.424113691353199, 3.650404360886445, 1.3327164306465555, 3.873215090111071, 2.1713122591176726, 9.411557388217558, 3.843557835323301, 4.808760315955105, 3.4798310953748217, 23.31634395409695, 17.885905821180053, 1.307096633899954, 12.09205397450086]
Initial energy

[12.849489078640875, 3.072929887371865, 8.82476002289096, 8.831329723838362, 2.7581144513392717, 14.994295330267454, 2.0303232176499746, 5.743700929588064, 12.613000972125993, -6.574295773949459, 10.314431657957954, 10.210624351300662, 3.0264372034121276, 4.137599103049493, 7.050565321161788, 13.831594165281937, 19.331733142682676, 19.46150002123456, 3.6915341318176975, 13.68751447673519, 1.5819199997342137, 6.210851467695955, 10.531850346619018, 10.528732267182665, 3.793951779300566, 20.93871027150268, 7.833921354348824, 8.103130949756583, 16.900519091429054, 15.906474433929374, 3.2143210762127756, -2.6277134009216705]
Initial energy

[9.175286997872158, 2.1362101196199235, 20.695272992936346, 4.012183986614689, 13.168711924301547, 2.1291435142093746, 5.914730575383657, 12.69501681726291, 12.28482849597393, -5.352942686525659, 10.787545019908979, 9.518692962863728, 4.751812414158314, 10.230360813854071, 21.367410407018543, 4.367569755192087, 20.199929335706894, 12.173045706259929, 7.267067547359738, 17.635202007557414, 0.08843134637784367, 6.71220062524053, 4.831760919515173, 5.266325015426806, 4.081625162657118, 20.43136182039908, 2.033865348323925, 8.140420138276752, 18.64761327022569, 13.66580731699683, 7.219508632867989, 16.011720390160036]
Initial energy

[10.118402949086915, 11.528747462816488, 13.87788808118301, 8.210059773051709, 7.477074849080166, 16.981261453814678, 5.807033872542031, 4.03170844669686, 4.427727668459224, -6.363393697129732, 2.8183957344707653, 16.14041090842778, 1.5971595126894762, 4.3715065377561295, 4.984060500926091, 6.249052147383471, 10.630112858557586, 9.480638317608701, 12.777894923928704, 19.10118220650166, -3.907371242131101, 2.421472900673839, 3.214721706250505, 9.901238204648362, 1.76866146395393, 11.874776421432319, -5.336698777387164, 3.361893201746195, 20.881069838505898, 18.87550566832219, 10.596332524911183, 8.765808467491027]
Initial energy

[0.7540272252121865, 14.002735418973197, 3.751498332728861, 4.6746681595335735, 5.848994899492196, 15.185691901344233, 9.37265767397968, 12.89706621605957, 13.457918926815296, -5.0602092348169645, 0.7714312620120478, 5.362969762027901, 7.395555046432123, 8.277821118984775, 17.327516724027724, 3.338951074083764, 23.381719396632004, 18.712798100735622, 8.675372006183252, 11.842053630895093, -6.970177931279221, 2.1527555742406554, 9.264946034209192, 5.96397338442209, 4.5240106510623175, 16.023341261037793, -2.7116576293841477, 6.690916180982139, 21.228378025583567, 16.444047927378538, 6.941546416821557, 12.02282181496717]
Initial energy

[8.177461353762528, 8.266012117473943, 14.010281963253796, 11.418858581096552, 14.980150259343068, 3.6851106438988728, 8.067088393157203, 13.189041677011204, 8.923796334005672, -0.02515543883854665, 10.958633241003973, 14.431834921600933, 2.201583260508155, 7.213238389065854, 8.58574652078854, 12.43462334360682, 8.97506134876533, 13.168494081891247, 4.305833391891618, 9.475555063391232, -2.2999205391417297, 8.475766414303026, 9.113918999137159, 12.057413801318479, 8.071170276305152, 18.063767507357852, 6.589017862749257, 2.734052984570007, 12.21664168845614, 18.983703834962057, 4.1571917632018485, 0.2911836911562533]
Initial energy

[14.278374190594471, 13.347776248745259, 17.0894720340645, 1.6228692442364359, 2.2952629199077945, 7.826757522978875, 13.950375187800171, 15.040060333863764, 13.132877006469933, -6.797655148166655, 11.981251016238511, 15.50082209463692, 2.3467180676633506, 11.28573957695473, 4.074172141360984, 6.2864079120538765, 13.377279230110709, 18.48637666777413, 8.391952638918362, 10.554239312624034, 3.356441188896711, 4.493054156504854, 8.038078840913101, 2.114786235857806, 10.862269468214475, 20.76136888053393, 9.473775609509117, 6.448209231676145, 7.672466468992341, 11.346491450917346, 8.00962775598744, 12.24155860492905]
Initial energy

[3.626693159122943, 10.706995759470653, 20.431461394806373, 2.4862717551143994, 11.004272887906286, 13.381932982943654, 7.109499456542026, 2.939443176295759, 13.710026834138478, -6.105479427934666, -2.393921177486401, 20.32835003948306, 5.5494277311583105, 10.881092128593707, 18.752914013787912, 2.7695687241187006, 3.708493936227269, 11.945058994094548, 11.932320313142359, 3.0654265851572453, 1.383747581987513, 8.577960850857991, 11.385821382624506, 4.241433477091689, 10.069287638012463, 7.151622030033943, -0.1456149943177767, 4.742049059103257, 18.23348000673259, 11.619761802891338, 2.3679678891103677, -3.907638417202523]
Initial energy

[10.445716271807392, 3.850124794952875, 14.682717420706657, 7.577161612708766, 9.14278192148927, 13.277283203871308, 13.071762800389289, 17.208149287758264, 14.76535477347024, -4.186104427493163, -1.5462213209546443, 20.58530194164066, 5.936543145704482, 2.2189950438789365, 12.335572155879603, 6.724181166505403, 10.849626914264366, 19.204940781779356, 6.755293805337684, 7.2365052966738705, 1.9819715448979875, -0.20416463216340475, 11.447951455106644, 10.149966924205955, 8.975988421024443, 8.886767864983009, 7.467563722522704, 8.14197717388077, 7.243022979773674, 19.292225865507376, 9.658917599784498, 11.124689879283252]
Initial energy

[7.53060034928551, 10.890637941602082, 21.40626716970271, 2.1291011251603424, 12.867953445426682, 2.080590609780454, 6.146840317340367, 4.1827074284287145, 9.419882318236782, -2.4831299647217078, 7.556904224132428, 23.140532649014762, 7.921542588472885, 9.735716886328353, 12.217038496140525, 7.6145583920619595, 3.087096194795562, 11.600369740161785, 17.1528584892402, 2.994125518905711, 1.204632957022958, 6.794409015453102, 9.058202989621087, 9.264772612667407, 9.043701844593286, 14.028992811848536, 1.8283519517093954, 5.154830982641506, 13.021330672326101, 0.8004350637103775, 6.431139023122064, 5.206601474773834]
Initial energy

[2.72750348312895, 5.3373647537137145, 5.883795145954657, 2.34746002176666, 14.872269366825693, 12.417395123849449, 7.921362551446294, 3.3452287721857874, 14.124411182030641, -4.720812404627168, 5.192505732988932, 12.406460617086188, 2.8066443064853983, 6.221265923813844, 13.564099619505669, 2.6174926838988557, 12.585097521801007, 19.263123426668397, 5.614126306020918, 8.192951948721351, -3.5552274546764098, 8.754255854560059, 3.9530365914229018, 4.245375403703084, 6.9298332085466265, 13.5218390332356, -5.263356723460578, 2.626496524714087, 18.851266858930728, 9.479525063697189, 7.914836662484365, 11.466464352578463]
Initial energy

[13.60401464638107, 2.057570888401152, 7.011580022200181, 5.732482014938483, 9.62452007343495, 5.00784047729192, 3.2040039335774506, 16.114862254119235, 6.894570085430782, -3.521173234157062, 13.858877222787235, 13.820208117371884, 5.261904828418707, 2.0096485005690012, 21.644584184413866, 3.712836585213381, 22.57769860043919, 15.504736911968164, 13.585962389271776, 16.2711212227576, 0.13672589147066283, 2.506068729845059, 2.217453666809748, 12.491572430092608, 9.914723866684703, 6.866360395521075, 8.278711976380157, 6.929034237995857, 14.560386478794769, 13.376575209432819, 7.399292924622981, 15.195005871541355]
Initial energy

[11.90999047435057, 13.924430092388619, 19.740110112928072, 10.20592612806544, 5.204455473916399, 14.943896411016887, 7.861631660642287, 12.933629777812747, 8.858684829536339, -2.7102801159508845, 11.737545855224248, 22.78439819156911, 8.612077992695314, 9.349594357475983, 16.00777718656984, 9.771292659554543, 5.972266568711516, 10.766712726267446, 6.239562485441871, 20.120140474869988, 3.2821130461023107, 5.4715598704722765, 5.816598157426665, 7.640144143965035, 5.852461434432191, 18.183388366639747, 6.117389033846699, 7.793771377408936, 6.886918328561137, 16.03847310805938, 3.7272641591297626, 4.701941998535268]
Initial energy

[1.8302428972936404, 7.3564596058317075, 6.054864155609517, -0.16122444891097776, 14.793818277834214, 13.25040403499231, 5.379839335738838, 13.910696099372633, 2.1960304065592986, -6.001222580885026, 14.696291909065964, 24.153860011918553, 3.709404263174984, 2.04135956736745, 19.294059371501145, 5.956579622588336, 15.79699121204953, 3.8289579339892903, 8.946273598295743, 17.743524652852145, -1.6097782100699662, 4.522862436684925, 3.846213768113879, 8.595051303635877, 11.528257954732128, 11.764736488207916, 9.19325297575047, 4.826988262434391, 4.917580132414138, 4.907827090508031, 2.0312398179234328, 6.38815155881507]
Initial energy

[12.190735045256856, 2.7933904337890674, 8.66723894661192, -1.564664020942262, 6.261819473782183, 12.205841081728183, 10.942442407532734, 17.89954665399693, 8.775221783762953, -2.492595864184059, 7.740970115917598, 15.500835729092419, 4.423337013258559, 9.235815630159635, 5.5117012126518246, 12.844377380160312, 22.692683477373098, 23.483056479805313, 11.450574700815094, 15.849221547570219, 1.2640153580265236, 7.885235556471943, 4.6986427871794, 4.54003902278813, 6.719920418645511, 20.316664743534833, 8.801376679710476, 4.455328447964833, 9.991324691916477, 10.839528608314827, 8.577705100224623, 15.811814766049043]
Initial energy

[4.635406327126371, 4.9188525843681346, 11.318165236809733, 3.9980829878811415, 9.066148660801408, 2.194170103645543, 8.71005661468291, 16.918694999242057, 8.321487452760946, -7.1131024316751645, 14.287713591001769, 4.091605194249767, 6.649535108942881, 6.715986270719666, 21.206453039528856, 2.5918563241818635, 12.020163251922497, 16.783491421073425, 17.675834741950787, 11.960815612035129, -6.281292400633112, 3.8830527373212878, 5.264902592527884, 11.894934311851014, 6.795163748963578, 18.276621430332213, 4.767874530353293, 6.338059519891395, 14.296806099370528, 3.167273354026942, 6.994641634080535, 2.511791045382587]
Initial energy

[10.09380693706844, 9.494135618073027, 4.34325163381153, 10.617067714840305, 14.419862181686073, 9.533194250484135, 9.987873915200149, 17.351164762030454, 10.662176297120316, -6.077554211446262, 6.3197145765308465, 0.9466602314058526, 1.8343117865670873, 1.6804135799154474, 14.80054241800066, 4.27632306198417, 8.455571512538594, 19.182716820310425, 18.859994114316773, 13.084673725570768, -0.782190686332692, 7.221737001599456, 5.821390608534142, 11.411351026716538, 4.709813592850114, 13.350477935238679, -4.497731037912129, 2.1999709616299707, 13.033211576293176, 19.5844268555658, 7.710384267952194, 4.138407565396268]
Initial energy

[8.748413469526408, 0.10884076387650682, 8.3792962224396, 6.464210305114916, 5.5025010088250355, 4.910898847105427, 6.007309711041167, 4.741684237804311, 10.384215375145537, -3.269434621362179, 7.064957913143859, 5.001558662047742, 2.5730949293470817, 6.607781984129474, 3.5270267967059725, 7.39371950600211, 20.80532571578572, 3.0572705180677113, 14.70357174769529, 15.915950640545967, 2.4678706817596074, 2.271061487700754, 2.1473143262415455, 1.8640772944117554, 3.7892104330027543, 13.55537831278519, 2.2140709263598897, 3.457814060057366, 3.793380486522922, 3.942083119053425, 2.9993498127914675, -3.9581057218917413]
Initial energy

[10.538247021984592, 4.948366234233861, 3.0768678864945573, 6.351926552604995, 5.636420654356358, 16.669307720097535, 3.185291990149752, 6.392229319947003, 3.416933470072939, 0.649415529620816, 10.950769541352855, 24.358042775828693, 5.197341303116144, 5.924924984011648, 9.515323686563931, 11.626177114184264, 5.230978226948087, 15.123107530759643, 6.096244631649444, 19.888602612525816, 1.2959260592124524, 8.621940122151916, 5.717925931756207, 6.204806860324338, 9.272829364134479, 14.648464183423707, 9.415105146225331, 3.3711883649691385, 23.701185066910252, 20.177572435215684, 11.002035163830735, 12.937943143108793]
Initial energy

[11.587445827524514, 0.040500815246054284, 16.749781404204775, 2.9927798034323034, 8.658017589921606, 15.861468345177403, 6.841541667357793, 14.035577396595333, 11.599389211121036, -0.7592180300240461, 4.722032297457389, 16.63220737718605, 1.678730235829994, 2.369649892771431, 16.55373007812141, 12.012346955673772, 15.47390697852045, 3.8347994741067906, 15.908895573944216, 3.522361349913023, -0.0764506282832027, 2.087972405312688, 5.5165883932547874, 12.40481949835244, 3.3708160363624904, 21.179198415741546, 4.265891249537061, -0.6981415353252984, 6.133532969815748, 14.487842659181247, 9.848805766865986, 13.673218702756216]
Initial energy

[7.4008122903513005, 11.418165174376275, 8.307181996224633, 4.489696277327549, 11.966766360291782, 2.4631724902722283, 12.74191165094829, 9.29014294234861, 2.3340677572942607, -2.726635083597529, 6.875924295998756, 12.933532076408502, 4.191377652520832, 9.279626197254517, 9.975042184137564, 2.0828391779445186, 16.5644834975807, 8.387304825356352, 13.067068225131047, 15.36477360434333, 2.306439771220652, 8.131784593138562, 5.872376820388547, 8.380487443520412, 12.405072287832072, 6.874572183847684, 7.390378460659546, 6.091509146664569, 22.77242482144686, 14.520228180095595, 2.1813869498344567, 6.0941798630486685]
Initial energy

[3.4706598403815025, 6.6589832449139275, 6.70249250904426, 9.594207250922729, 13.383712881267977, 11.441674553942404, 10.045635583879644, 17.522098402516708, 13.141266415036275, -5.964402518537172, 8.124036535372156, 5.79776386618734, 1.683475434274048, 1.97551965154448, 12.328693727739406, 9.037988313156205, 13.61316162258953, 24.23978968475957, 19.63089847581605, 11.278418676865304, 0.8612668418639666, 8.137058559439126, 1.7663379444769576, 10.02819922611662, 1.2499891583830536, 6.3511344301735395, 1.1204479259431404, 7.417475741508932, 4.645576403324865, 5.454937448760445, 5.845036979524144, 9.10581597155933]
Initial energy

[9.188135509566708, 9.652312847435192, 7.968421713329533, 10.48905800918915, 12.185333200402974, 10.666781997391745, 13.343316639571155, 15.308668011634978, 3.8320032690647565, -1.1362043453908743, 3.402615790029677, 20.422494761244035, 6.080056389611023, 8.798484855457898, 4.414122418161553, 8.548945864523208, 21.6045915670912, 7.789060169381214, 20.154186891009033, 18.325105560705524, 0.7450716528654207, -0.7108920875707292, 9.235488761356615, 12.518140171786694, 7.511392975472995, 6.9551180835949, 9.902685496478943, 7.624629087299738, 15.489622299550021, 10.892157193534244, 6.174245580462281, 16.330628823040097]
Initial energy

[2.47602525742633, 5.117156889862785, 7.396093975975387, 4.353717243797846, 9.9667218441774, 13.006777062422163, 1.4700959683988724, 7.7141418666810795, 8.832504485537168, -1.0460100343319763, 11.002267933205873, 10.739657244836906, 3.688535291984932, 2.1488629955158416, 15.926074119981141, 11.092298525293605, 21.119400055896516, 10.013732819275445, 5.615089219290189, 11.797959525748524, -4.585857797962781, -0.7605254138415727, 6.215395411168365, 1.3508887724068215, 12.318600775781702, 13.191948282139291, 13.087607651967991, 6.925779340757897, 13.469228095179009, 7.5761324449454825, 7.496927878501606, 3.613210503631781]
Initial energy

[9.52352894006094, 8.305161797014756, 16.110127815366074, 8.300942746912515, 6.56947247063264, 7.183347688387316, 7.1920405346468455, 8.994005962752146, 3.903567785468957, -1.5985322169289757, 3.5809452724956508, 4.59048865344616, 2.7183454068097546, 3.1172202914056384, 19.535391514925767, 13.058797872603508, 4.553843826570361, 16.778466126004346, 15.482126174816761, 8.221685614032884, 3.0415426878519125, 6.567018559968402, 9.893939089537822, 3.5626024590354985, 2.636716955003847, 15.794163978702995, 12.806237391419018, 4.104081016122828, 13.497095192844618, 7.413170583060568, 7.690726140799461, 2.969599173655162]
Initial energy

[3.0775893119124995, 6.049976877995144, 22.06385211623092, 7.896691622260544, 11.671553415863139, 4.25882901348905, 8.148358496943894, 2.273890329780458, 15.014066809171627, -2.8725373655957958, 1.0071775116674053, 10.699254582591616, 2.325934973759842, 6.759471840903984, 12.393759010439076, 11.949996677418094, 22.899247579149556, 5.889609419268342, 4.372203506590686, 9.883635771440302, -2.193341863911656, 4.080565823154854, 1.9122929529522215, 6.197279084149093, 0.9211853031209535, 14.148023780394608, 0.10586319720513071, 6.671268030854724, 13.34815504126303, 4.890114458748824, 6.512308577182791, 8.349594384176044]
Initial energy

[1.9431213348562824, 3.8677414353973925, 18.34953439105054, 2.609143819765153, 5.67887241226508, 5.2387281921636095, 11.720905942631678, 14.786466919540224, 6.6259933493331875, -0.18046712763450223, 0.23041672776682676, 7.791234724219603, 8.079310034610318, 10.896188628440068, 5.612284025613955, 13.552797954342005, 21.0734807414639, 4.3149872038894745, 11.63428361833729, 13.12437237573775, 3.026022130219018, 2.2488659626055334, 9.934529833935962, 9.03494904013283, 10.456583000586036, 8.138299523006784, 5.6786229361945075, 3.7075956372827448, 22.689801969922325, 15.765281394456592, 3.347469441828986, -4.4252580520639615]
Initial energy

[4.282422423648494, 10.416914482280587, 12.523074572755192, 6.046155186798401, 2.4661294700235437, 15.373267584196498, 4.273991103407431, 7.621018306638594, 14.054235077271148, -0.5089789594796548, 4.5144881809119894, 15.20540378065239, 2.1803914109426468, 11.07622984857623, 11.567854013645633, 1.72369238739521, 6.692112096577468, 17.858892093464434, 7.119725842364281, 14.68877550686402, 3.0663485510281925, 5.803652456521266, 5.002722554961646, 8.691426644930466, 5.110543110994313, 18.216187599692553, 9.484320111099075, 3.1093674312007256, 3.971493753167244, 6.926401649985227, 4.261992577139726, 6.007019879227802]
Initial energy

[5.006577687033847, 2.969957123279567, 12.44397273153271, 9.46867616601467, 14.31459322693094, 14.993350529909753, 14.233741876997074, 11.907176603680014, 0.6918524654723881, -1.9355763915624333, 12.474284628426108, 17.48426489647771, 1.7833310097366692, 9.827329365532458, 4.8209182338255685, 6.07240144902515, 21.541657820099267, 4.403162857490722, 13.576087836193949, 8.227870879831643, 2.156805080433916, 0.09334941517431372, 1.5402026093563181, 8.401743825947543, 2.343492195572961, 4.473424572377345, 4.554347617958799, 4.456658853958518, 17.94273650270118, 20.079872055223237, 4.922129687938435, 10.275217362744637]
Initial energy

[12.473336598351613, 9.171173554198404, 11.412399083593037, 4.614121640038429, 4.969151555330379, 17.511981279733416, 9.640793142101273, 16.35550771464469, 11.122457633446297, -7.035107047408334, 16.046875812309224, 5.703915144809239, -0.22898105864802143, 6.3946677991450915, 10.596161072253441, 6.387941269736989, 0.14901177234290527, 12.593485221974628, 15.00931603692947, 5.771201066429604, -1.3411163953222172, 1.4870992187510632, 4.178081220720726, 10.928941346610296, 3.941860360525615, 11.154536796724612, 0.8201610504503405, 1.266836918738887, 12.836454045278778, 8.153589923024947, 2.9656934942662825, 11.146459890640527]
Initial energy

[5.392372378043314, 10.727221671346657, 15.443998917325398, 3.2712032736914782, 14.659767007238019, 8.254972879078228, 13.295762906757775, 7.236060098578751, 10.459118220936876, -1.5702822583444886, 14.693152642532162, 6.061813535421171, 8.31907136486237, 4.129696829793385, 5.9342112625319015, 13.094989673214432, 7.726983483547052, 10.68122751515173, 3.474697483029316, 3.8931091710831582, 2.4515227141674414, 5.1116109609108795, 7.345523195072721, 8.729513808476979, 7.1017875871824145, 18.120666553507732, 11.434951840546882, 3.0223275046321603, 17.18906787008554, 9.918082880403604, 3.427384607372625, 5.141578800399351]
Initial energy

[13.077949628495254, 10.598338846546957, 16.161934811616902, 5.878533539568462, 5.811980817196464, 6.837954231439506, 3.66069516270691, 17.08993224461682, 2.0301640679093236, -2.07890075077243, 8.605774040423846, 15.19640777859798, 6.479849087981644, 8.237926610102402, 2.844020986107795, 13.580172232246833, 13.744349334353721, 7.50094967995584, 12.360210536158105, 6.01990413109629, 3.221294287339112, 1.2241305117175625, 7.14543121992479, 1.795838423820069, 8.345017733655727, 14.082684443889717, -2.3602884229715757, 4.4160506700681434, 3.6838000393914467, 13.231425760637775, 1.4636372269139313, 10.911592863206886]
Initial energy

[12.993517378896964, 9.818386468255992, 21.40129743280572, 3.204400980138796, 11.427211335967593, 17.790435701245894, 6.14635866826735, 5.447520403338057, 6.612381149062344, -2.963035815557978, 5.955708324501359, 6.305397617789627, 6.094796688878923, 11.683397197714742, 3.2409905067451494, 13.761337161054259, 20.99696915627629, 18.796388159183806, 6.613182990989643, 4.559415034099688, 1.9799054309642532, 6.910065290019407, 0.9561010556422889, 5.904584839482389, 10.077036904789754, 20.534090285800076, 1.6684281642572198, 7.754283864787283, 14.146710166229543, 15.589740239547904, 7.04845216009617, -2.430122079667046]
Initial energy

[6.793911924183903, 4.792121014590079, 22.171515246366447, 11.673363338894791, 12.242013977525838, 10.332335337806052, 8.582046336060769, 6.599505406723919, 10.560221394403392, -7.367583767881592, 3.409658177105548, 23.33639955566934, 7.070114394811512, 2.5299841343533727, 12.497606342340568, 12.886016774268247, 5.99694129881498, 8.72209025490858, 11.901028562448744, 9.474619422253243, 2.6607241043677945, 8.088235687264671, 10.504522650997087, 10.121071083274366, 2.0025063726846364, 11.54804987686913, 12.087724318458545, 5.575784124788131, 10.476789147712559, 2.438082449199781, 5.656281183980216, 3.0993462514304646]
Initial energy

[6.383631162636262, 11.361135949089661, 20.5518153382773, 11.380223541639019, 10.111450990323009, 8.635535955870353, 15.003019737043422, 9.800290952724062, 12.69340583011945, -4.626977093048628, 2.5205271233945767, 21.09367746736662, 7.9898824184553225, 6.802501791034853, 17.114499622316735, 4.896640406034111, 7.405552989327377, 17.92022515445449, 18.025319634770558, 2.442817691421727, 1.9870721239714646, 4.40612290602618, 2.7522076807101294, 6.8561920064825745, 6.126307062607325, 8.392816795516126, 10.493711270381814, 1.150748503554469, 17.457602447794443, 11.713573452682494, 2.1816571568412417, 6.590901404672569]
Initial energy

[13.319289024679097, 8.089469026458557, 3.258342580469393, 6.490022260909667, 5.537648116766608, 6.417537526752481, 9.421933271356734, 8.61718157134479, 11.825339103229467, -7.185301419479191, 13.983824350044857, 19.722089071169748, 8.33023708731323, 8.531285151501606, 18.708571613093856, 11.31438319966021, 3.192139661061396, 22.86823285744325, 4.970844431951163, 13.583847418362817, 1.9822263217827487, 5.729171792304579, 4.91389461259513, 5.025346400477899, 11.470487291521275, 3.817458866828721, 5.885787253239007, 8.235374069576478, 3.68214060991233, 7.248930095477398, 3.2353622280422503, 11.963452641974408]
Initial energy

[8.115213248435921, 2.448750559000737, 15.859877872945574, 4.523260747686662, 10.021323103464722, 8.223646877739347, 10.900429199884204, 3.588593872068275, 9.639311216435663, -4.182287071343568, 3.255578789796042, 9.664422299770418, 8.780700048458858, 3.5554029169084855, 22.303720646195607, 9.59821525423874, 10.01314071729433, 15.502046764387142, 14.35678836831839, 11.407438849607875, -0.4321694278597086, 7.353972032024408, 7.441144918260922, 9.770347052239305, 8.523313656269812, 1.6674952104324323, 4.819097183960945, 6.4193510227744355, 3.7293468110464167, 9.465797799053359, 1.6899665248069824, 6.611540617411067]
Initial energy

[2.129152999466296, 12.789456620727652, 7.83088795350106, 3.1115432686939837, 15.979902588295879, 13.452137358964634, 11.397048542328887, 12.878949445778716, 3.3220594376501387, -3.9911747023154898, 8.705219421804934, 14.368852772798444, 4.4107473406434154, 5.058174877202342, 22.6495886598162, 9.736801611321757, 11.396085651315893, 15.038651564710598, 18.263569222710743, 2.722872046077272, 3.8097809718939866, 3.589030668951141, 9.688855914677227, 7.388220085118451, 13.779061102245867, 8.522608013946812, 12.21146485357923, 4.177101160161168, 15.752905267370888, 10.709700440835485, 1.730167544877201, 7.886958920091214]
Initial energy

[6.234792026366919, 8.903849309847697, 16.07138095587745, 11.250386038665027, 14.958048017816344, 2.873166704195907, 14.489557846973383, 17.904430071116522, 10.888758966627432, -5.717484987453567, 14.871138316859852, 21.104888864916525, 3.9963605290487205, 2.471554430052187, 5.502372234531341, 13.488111048088431, 19.34755527840346, 12.140290945671952, 11.191605781281288, 9.933473920546122, -5.302414495797139, 5.870247158933787, 11.877029117521714, 7.0875564951021985, 12.14869690567258, 4.103853716116386, -4.215112350224541, 6.392097403818781, 8.240603242907849, 17.119884109762083, 3.055706665513975, 11.667331683499505]
Initial energy

[3.2935147078823537, 10.88199508570003, 3.6224904522531225, 10.3686618215426, 14.094876978480231, 8.10175460551117, 12.967806831055842, 13.100651683670662, 4.6324039713492935, -2.270651207170726, 16.33299302068637, 8.81723157199597, 3.4686852068302256, 10.603066606686548, 13.741383211426644, 6.008578049893758, 6.789604954789737, 15.889433866171697, 10.638342890316318, 4.7148604237499505, -1.4727188238563098, 8.787878106530504, 3.0038953914489577, 5.3218095354883665, 11.054909110717183, 2.8332769284134574, 9.032626692093423, 6.26178869121736, 15.132248437524531, 7.58225887370547, 7.778410410245772, 12.554567232814343]
Initial energy

[1.2148882657505204, 4.563671478271078, 21.62588125270811, 2.396729788959804, 10.244136003891372, 10.023084946013292, 2.5346304546116687, 17.338253001202084, 11.625554981352163, -6.287128830713808, 13.945372108862014, 10.290727575525217, 6.789080914021505, 10.085243470598938, 5.657826016653418, 8.102253837902374, 17.007273263551703, 17.99665533492955, 6.033937856491355, 6.36944394149127, 3.057841256865932, 0.011839593430684525, 11.225670605263492, 3.0417564165757915, 11.68150234517552, 3.6085427836746895, -3.984764463962528, 6.259651589544012, 3.4049627195038723, 19.350809635501264, 2.143940056609635, 14.304822886471904]
Initial energy

[3.7842652000943104, 11.444786543133933, 16.893986534537426, 3.2592861060655407, 10.074824915536128, 6.502823787952503, 2.3627791529874758, 4.441866175150386, 11.758379328707901, -6.086474152000596, 4.665221681071268, 7.399882221877904, 5.346830534481756, 7.040915776739979, 17.660345646822012, 12.680096929026242, 5.653490142667769, 11.493650799313262, 19.128805808510446, 3.622446060171391, 1.6361482545726527, 7.510980675385593, 8.744880317414898, 12.328355948566768, 9.002178276163534, 14.469259787446042, 11.608990579773245, 3.91843736595701, 4.7064589109012545, 9.773585165022526, 3.7329951660147938, 9.891187490498906]
Initial energy

[10.094610539059099, 3.221759550515563, 10.382831480333493, 6.213722444806743, 5.001384665417571, 7.6488781076034655, 6.882111346286996, 10.608221080400789, 13.241112449594253, -1.31879038512289, 7.010490650414116, 3.498577964415245, 5.547438040784886, 10.57431235041015, 11.059722658595767, 5.793506060308642, 11.862836134274524, 12.951782530190393, 10.861668865429293, 15.257054531326332, 0.21785868630831118, 3.2187311114858197, 1.9482970433118934, 6.532494023963014, 12.411881702202576, 18.077562367345557, 10.52038334735167, 2.096376443572953, 13.206152024803135, 5.283438053105611, 3.641546461121406, 5.1637012274656495]
Initial energy

[8.232351754293866, 5.07336150387739, 11.017276612637305, 6.34139134418748, 6.48761848582925, 16.10518638090496, 5.885482752237209, 13.951770252565751, 8.886132413918455, -1.0188710992136079, 4.304466333331783, 8.157052701796871, 1.465425945025369, 1.7415333635217847, 18.604733730042334, 3.116670367174226, 16.37656778287688, 21.514286459200854, 5.896173932866957, 6.990259105818549, -6.523165314072229, -1.0729508761636772, 11.173856314455294, 4.791942166037109, 8.311869583625926, 5.25437063126633, 13.811300065995143, 7.133974510272319, 18.951445556668236, 5.767185571821068, 5.495887378631292, 16.154688186609704]
Initial energy

[3.259795931119222, 12.5005313878735, 2.730180796626522, 5.706307700047365, 5.447268924465053, 16.68971826112143, 9.746741907222564, 3.922333708069214, 11.675929020688441, -0.1805147596109986, 3.87760762530314, 18.299976574820434, 8.333896314328104, 8.603359559157385, 15.579036244452485, 10.43898266448196, 3.1616415449440822, 4.191637469476771, 16.17501695652687, 14.12092341865665, -6.492590153267848, -0.7534760932709137, 6.37549625250395, 12.321785685811156, 13.47299928565262, 15.408257076209019, 9.411114887434458, 4.516841312557315, 12.417311960564597, 18.894243734497287, 9.022626888230276, 8.722725946544628]
Initial energy

[5.687013800909449, 5.175106907947398, 11.480102235666134, 11.122027543290564, 7.282224842568965, 16.55924864973209, 14.46356406805228, 8.101487707409623, 11.26455845423452, -0.47708927120324063, -0.8586598786015758, 17.335620200250784, 1.280009580654925, 7.471892860776277, 10.38849542183933, 6.874976917977331, 4.411633207074594, 19.0142838713712, 5.8192831743084845, 18.338568795156874, 2.442596731726383, 2.5121072708977996, 2.4298164239508875, 12.023794916907667, 6.310053183458051, 7.981445369625349, 12.243702671761286, 6.660342745590436, 4.552542493724251, 8.261087082022867, 1.6312354376897475, 9.806949264575053]
Initial energy

[3.816500998573056, 13.328647674498402, 6.181501802400666, 5.663063190705554, 11.469202246432157, 10.598921951297438, 7.942749186229259, 2.227254924118265, 10.697062277631941, -5.446849796520338, 7.763459655391953, 9.42785941163646, -1.0904633684615808, 1.7181277781657283, 17.31920903252659, 4.706598159576934, 23.290437013470342, 9.62663646765806, 15.609967582705163, 12.195469557488453, 3.334451215200655, 6.910014431873371, 5.916925246448557, 9.605383087708931, 3.49967416914442, 6.4819912906698045, 13.144538198747021, 1.5047089993938991, 12.397306849991551, 18.264399424228863, 1.858001567911235, -1.1907424253410683]
Initial energy

[6.646229979401966, 7.690838635931433, 15.27191619015381, 7.708230703656586, 3.652428174289615, 14.279068207039568, 3.095856547191912, 5.889547208636536, 6.978323246681308, -4.272313756950319, 9.508894905828193, 14.04227242723649, 5.9942161716627576, 6.856080386799176, 20.439467533317423, 9.995194148226826, 15.066471938658108, 12.08849189541224, 4.1807165179961645, 13.930162085188377, -3.7648707262981462, 3.1492271955395834, 7.897275991737162, 10.307352864100467, 5.144551768240502, 3.28526042607998, 0.7122887883412172, -0.3466568601714328, 15.620830627450054, 1.6604964559990614, 3.3819490445832017, 13.464444646322892]
Initial energy

[6.775381722540249, 8.56906478789782, 16.324949227805206, 9.516893301355518, 2.2923050628655197, 12.460114361357329, 5.561120506096872, 15.946854137428168, 12.302876490373103, -3.7976158805452673, 5.755009997177507, 13.986054517704359, 3.4339628166184273, 5.343502109023771, 8.512143788639868, 14.069974561591593, 20.039949782211572, 19.771474563354346, 12.01913992110438, 18.356191274057934, -2.0966378112306714, 8.04652900927006, 8.112043773610903, 6.927624144068854, 10.294882347011875, 5.856919885115712, 12.450182796344903, 7.104900396797818, 19.654651909185446, 15.188565430270858, 6.627203348123378, 14.768967633315318]
Initial energy

[13.110643588123375, 13.872311564832632, 7.780797471813552, -1.433157788230007, 5.798987408993031, 14.422041805829492, 7.795019735657272, 13.313684995909728, 6.38014418755703, -3.600812418185373, 4.597500062888438, 19.98886788815697, 8.525037523324103, 7.039285079328279, 5.259044449811771, 5.513883874168592, 22.286588376378287, 10.981802375854446, 6.861194052346799, 12.095806220394152, -5.598618160457553, 7.245619392010864, 4.034865929690238, 3.5156599520823733, 13.833744491483227, 6.532499533557953, 9.728698121278601, 6.438394374570613, 10.175453984280594, 17.290121900442056, 2.5515241277858567, 7.336455369772153]
Initial energy

[8.685606303067562, 12.451855576566127, 5.980983670214416, 9.077737015319427, 8.725188299829348, 15.21276493890076, 9.885217703500084, 14.954768394114403, 10.558178555857308, -5.833062517188269, 8.30920458397078, 12.789770493452252, 2.220721815029518, 8.302138656163155, 13.151675064174096, 4.679012667811977, 12.220473808660042, 22.673628363427017, 7.2983689358315145, 15.238566583631906, -0.5642888465119018, 3.405765244630702, 6.71488537005852, 1.8430267282102946, 9.134675884310553, 16.145966669392482, 9.696283766683916, 1.9361337611470981, 19.850051909150032, 13.178610967533299, 2.127917961975214, 3.5452529361122003]
Initial energy

[2.777785970909304, 12.562860635260185, 9.893242354209631, 4.430515359535148, 9.533898443109825, 14.492028161235366, 4.164357513240358, 18.669615489317593, 13.93491182016453, -6.1025156486413366, 3.534922429753645, 16.394278254268613, 1.9102675025485796, 10.320410979939284, 18.533758285965668, 7.456436759777639, 3.942780850715427, 24.618306822162573, 18.312801195321363, 6.667836960161221, 0.16662231867333155, 6.373482322699634, 7.6600890962846275, 3.876229689578773, 9.86660889149983, 14.163462129508568, 13.635230150717895, 4.211324323997541, 18.237569034495582, 10.089611179908701, 7.7641794705231195, 10.82313775263348]
Initial energy

[12.670081535526156, 13.073096297972592, 22.698941161582447, 8.580953940962548, 4.241510815753818, 9.294500151646373, 11.583933995482997, 11.161829253036867, 11.218070446970456, -3.9521262382489732, 10.676782976435616, 11.908316921713272, 4.959765712558547, 10.033908862334878, 17.08536475956918, 13.703005708828156, 3.367282092920571, 16.06597671093492, 19.54989844136915, 20.15295488132977, -0.47274671631018794, 4.943665743282707, 12.253483034414588, 1.9597231872301342, 12.822046309351151, 19.40754879582844, 3.6786249509548927, 1.0149943498639722, 8.158819264580266, 15.304789635356627, 0.763537573205713, 12.790569909178434]
Initial energy

[7.094707905730155, 6.025804649728913, 13.412719023198726, 6.953269084391481, 7.295359672470152, 9.708044056204416, 12.229730151452312, 9.146160019094967, 13.600176457586597, -2.283040988055064, 6.161312791086711, 7.07533830511014, 5.826849404401798, 10.755839748592486, 12.88157665107034, 6.626509089312402, 9.586889423776952, 20.87274458995315, 15.89480156085697, 19.836206100616604, 3.8211078530461267, 5.7515822373139365, 12.646127107024023, 4.299508275989017, 4.943485222423914, 5.868124171863457, 10.154174975124022, 3.1971664359262557, 12.44579601973421, 16.818494197002213, 9.440958490637858, 12.179224220217833]
Initial energy

[9.8179053397727, 4.9383643473380605, 20.221170101497556, 6.756499812220667, 10.914695182217065, 11.489680244920073, 5.261664791198568, 8.03252565194962, 1.6202902416106142, -6.362492675967653, -2.8515348472799724, 7.710814178363227, 3.3269612473295815, 3.9650619820546256, 22.070814327100834, 8.971788083070514, 9.470991845790886, 11.253450968521772, 9.828076957113527, 9.778316554686226, 3.8599799207136023, 8.630256363833354, 4.810381293834988, 4.0622320342710685, 1.431388065376053, 11.638261501664537, 12.277888611532566, 7.17676060856544, 18.38664046645731, 14.267656085021024, 7.050242668735245, 4.416563562736664]
Initial energy

[13.475182703193143, 2.6712439376932307, 6.198770541594293, 6.859563248131716, 5.965668490546932, 16.85638775718206, 13.094973083970569, 9.227432900263402, 10.14370024939441, -6.302669551353329, 10.04150884537949, 18.5780753243822, 7.648903843134942, 9.486065182588327, 5.556111688136444, 10.796936661290173, 7.990066638870282, 5.634976520734497, 14.436689604423826, 5.396049675832014, -0.37420717701830863, 4.002337693948165, 2.621059754554622, 4.492003424259069, 12.66563200507956, 17.681212088002724, 6.0429693806964995, 3.5652705161047225, 13.996108658736532, 16.852535739476732, 9.021868237780744, 4.4576266671496985]
Initial energy

[10.305245699491554, 2.3089543927479332, 7.27505562483181, 10.769006272764804, 15.81232730572151, 9.195180458013704, 11.614372710968404, 15.507861469085352, 11.251915468532248, -4.589737053813293, 5.564471660880908, 8.721225067379487, 6.800790138770671, 1.2810421080691519, 20.55949674158677, 3.8234274514015176, 21.136169892303574, 9.016142826147714, 4.534623002868864, 2.6063619670104763, -2.812702254259916, 5.181771007762645, 11.774301465482456, 6.281385782057888, 2.483499340692765, 16.262064726993906, 13.787407358263716, 1.4368231579901778, 6.032174385920286, 13.115002327713087, 5.828629082091611, 15.6172620508979]
Initial energy

[11.083822027093964, 11.974976766282946, 19.06316361403509, -1.3020638204091641, 5.276829012398248, 9.65997623037394, 11.715233930410287, 17.16016017998632, 14.372674037100067, 0.6769099496466797, 5.561031304967053, 9.74050467614356, 2.3019904192862075, 3.0442490734210583, 9.730923948029567, 5.6708218937270365, 23.491484449286368, 17.616138655077204, 3.863319180613882, 17.168001144218145, -4.990867430848369, 6.140197108683121, 9.257318869451256, 5.399312179752046, 2.544167495064556, 15.77948537688386, 10.589795151831973, 2.1841928854121386, 1.3447896660045457, 8.133746297597659, 10.146253055234286, 15.88551337058292]
Initial energy

[9.501217339721713, 3.6150712762769004, 3.1853454337154172, 4.151574998578439, 3.794348017730003, 12.479284077139722, 8.77648698771323, 18.272261635894427, 3.6465857621867177, -7.684477530235749, 10.140337451933433, 19.512955441995796, 2.925028179244308, 8.363070896202505, 13.945702571740835, 8.829690994969958, 15.922334271536943, 18.165645134888535, 12.720923713074104, 17.022021999782137, 3.980176470039768, 3.6439095768668883, 12.188112032206604, 10.306381249541184, 4.4607074203125725, 19.598779205603307, 13.718639254303023, 3.9117259828833433, 9.217973930961978, 18.567856193561813, 5.113968139529854, 2.9085614647578373]
Initial energy

[2.465541227321815, 11.980761583096747, 5.015077036557569, 11.719106899446755, 9.625194422714467, 3.0466829058946114, 6.250950922226288, 10.27498689080857, 9.486919019431978, -7.598482329832753, 3.0353108007959624, 14.933396607653142, 8.77311604701771, 10.381707145752152, 10.490772913450236, 6.40716279142477, 17.56198844603788, 5.55830523910921, 16.918490510034378, 10.09353516165079, 2.4705582403141966, 5.185295428018545, 3.983035519430373, 11.67623805067797, 7.790314957945637, 4.895104566385591, 8.533485895939364, 7.119282554775662, 11.80890472317953, 16.567071191769557, 3.8454351989136706, -0.553499156397339]
Initial energy

[6.674351551047397, 7.382010573033642, 9.05276220636257, 11.294757457091153, 2.089180620103424, 14.495181662132653, 7.154864741152547, 6.663749504970281, 10.572299342546012, -2.6016772442879885, 10.095823265063455, 15.72483130130023, 1.5980423822458103, 9.688031867040815, 13.99816855716561, 5.060826193462831, 14.592255236589104, 18.32243872521736, 20.59302260989892, 8.804067662636106, -0.8432357462223621, 8.70085726706207, 7.0697364154736695, 12.302691747572304, 7.207661832827472, 6.5363136688385195, -1.153668237511349, 3.853177795562521, 21.795967063665763, 15.037170258895149, 8.396790376850266, 14.177154318799563]
